index,value_x,value_y,변동치,계절조정,변동치_계절조정,뉴스지수,뉴스지수_증가율,뉴스지수_모멘텀,뉴스지수_모멘텀스코어,매수,매도,Date,kospi1
2006-04-01,4.0,98.26,4.549688193026255,88.8476678550954,4.466977815322473,97.49283675615101,,,,,,2006-04-01,1415.9209999999998
2006-05-01,4.0,93.23,4.539015604026906,87.9379454054862,4.485568978656829,97.89859324901877,0.004161910827178428,1.0,,,,2006-05-01,1388.8345
2006-06-01,4.25,90.62,4.532341935275508,89.7720467028193,4.505850849861111,98.34124983702459,0.004521582724685835,1.0,,,,2006-06-01,1249.1904761904761
2006-07-01,4.25,88.53,4.533250000089166,86.4789912537828,4.5287564945327,98.84117089530734,0.005083533706468524,1.0,1.0,1.0,,2006-07-01,1277.9950000000001
2006-08-01,4.5,91.51,4.542616549192922,95.8015017261017,4.554492435818979,99.4028638399158,0.005682783191666152,1.0,1.0,1.0,,2006-08-01,1316.0845454545454
2006-09-01,4.5,101.31,4.556056142073993,101.439727696461,4.577429830751289,99.90347785507306,0.0050362132016990024,1.0,1.0,1.0,,2006-09-01,1356.5261904761905
2006-10-01,4.5,97.8,4.566424103761367,102.350593486824,4.592599754909108,100.23456500183445,0.0033140702793319488,1.0,1.0,1.0,,2006-10-01,1354.0378947368422
2006-11-01,4.5,99.46,4.573126865599125,104.542364798156,4.5985950887008435,100.36541456563826,0.001305433547812651,1.0,1.0,1.0,,2006-11-01,1403.925909090909
2006-12-01,4.5,98.61,4.577310314004933,98.6594310629643,4.597042244959526,100.33152338738776,-0.00033767785842542253,0.0,0.6666666666666666,,,2006-12-01,1418.8326315789473
2007-01-01,4.5,91.84,4.582928034242123,93.4881411638636,4.593889424526873,100.26271234321653,-0.0006858367325446313,0.0,0.3333333333333333,,,2007-01-01,1379.25
2007-02-01,4.5,96.65,4.595395581287018,98.5615103324124,4.594630297478727,100.27888206886514,0.00016127357090889305,1.0,0.3333333333333333,,,2007-02-01,1434.8942105263159
2007-03-01,4.5,98.31,4.613498480649203,97.8117056515328,4.600008293313755,100.39625808721499,0.001170495880371325,1.0,0.6666666666666666,,,2007-03-01,1431.6233333333334
2007-04-01,4.5,106.28,4.633460544846838,97.1798457282358,4.610432300202076,100.62376447831953,0.0022660843684723098,1.0,1.0,1.0,,2007-04-01,1517.1157142857144
2007-05-01,4.5,106.49,4.648830209197005,101.58116232149,4.624873497200607,100.93894698419896,0.003132286965345399,1.0,1.0,1.0,,2007-05-01,1614.9433333333332
2007-06-01,4.5,107.75,4.656594925431267,106.831256612251,4.639433235563964,101.25671668312204,0.0031481376457476173,1.0,1.0,1.0,,2007-06-01,1754.284
2007-07-01,4.75,110.7,4.655768255060141,108.718694961349,4.649872947332439,101.48456583691322,0.002250212739014934,1.0,1.0,1.0,,2007-07-01,1911.5590476190475
2007-08-01,5.0,96.84,4.647811400864121,101.148712522048,4.654650135532192,101.58882908794489,0.0010273803722944397,1.0,1.0,1.0,,2007-08-01,1815.0200000000002
2007-09-01,5.0,102.58,4.639568999406174,102.868197356087,4.6555184252700075,101.60777971478157,0.0001865424280091954,1.0,1.0,1.0,,2007-09-01,1879.0335294117647
2007-10-01,5.0,107.16,4.630003457695353,111.646665811278,4.651006697628779,101.50931020259692,-0.0009691139050677089,0.0,0.6666666666666666,,,2007-10-01,2004.5513636363635
2007-11-01,5.0,95.98,4.617136331817847,100.844604695113,4.637773488239323,101.22049230913417,-0.002845235504864707,0.0,0.3333333333333333,,,2007-11-01,1924.840909090909
2007-12-01,5.0,102.3,4.603663031179327,101.937326309169,4.6179291737689745,100.78738549929977,-0.004278845122701602,0.0,0.0,,1.0,2007-12-01,1903.9866666666667
2008-01-01,5.0,97.46,4.586691030794894,98.5100389529833,4.591532816044801,100.21127881129866,-0.005716059456717604,0.0,0.0,,1.0,2008-01-01,1732.2859090909092
2008-02-01,5.0,96.06,4.565885077916749,98.1348888424971,4.559188185128273,99.50534966809442,-0.0070444080903659945,0.0,0.0,,1.0,2008-02-01,1689.533888888889
2008-03-01,5.0,86.99,4.5401458006770445,86.2732310294658,4.521381694868678,98.68021416584084,-0.008292373274460862,0.0,0.0,,1.0,2008-03-01,1651.1542857142856
2008-04-01,5.0,102.52,4.508277795104461,94.1844950788594,4.480901305421099,97.79672018771967,-0.00895310154714879,0.0,0.0,,1.0,2008-04-01,1776.577142857143
2008-05-01,5.0,92.78,4.461244645849387,88.4931761223649,4.435121879227369,96.79757349185155,-0.010216566506016433,0.0,0.0,,1.0,2008-05-01,1846.7505263157896
2008-06-01,5.0,76.29,4.402850065391421,75.2639053530751,4.386871568937872,95.74449917203921,-0.01087913965013787,0.0,0.0,,1.0,2008-06-01,1758.1695
2008-07-01,5.0,79.19,4.344170876266779,77.0744393758785,4.343029638216693,94.78763876852145,-0.009993894289409,0.0,0.0,,1.0,2008-07-01,1569.5995652173913
2008-08-01,5.25,75.6,4.289080149453395,79.9485286792859,4.304893708461678,93.95531317214251,-0.008780950841190793,0.0,0.0,,1.0,2008-08-01,1537.5455
2008-09-01,5.25,70.14,4.24436937321244,71.0537042103369,4.273909585476773,93.27907743310699,-0.0071974188175664144,0.0,0.0,,1.0,2008-09-01,1446.5638095238096
2008-10-01,4.25,59.34,4.220665893352742,63.816499424208,4.258004932426231,92.93195465622618,-0.0037213358711629674,0.0,0.0,,1.0,2008-10-01,1201.6959090909093
2008-11-01,4.0,64.71,4.229243945899302,69.3456691860714,4.264220093275241,93.06760199702723,0.0014596415334513502,1.0,0.3333333333333333,,,2008-11-01,1073.9450000000002
2008-12-01,3.0,72.07,4.266893017975719,71.2244206896101,4.290952909041792,93.65105196058441,0.00626909849440227,1.0,0.6666666666666666,,,2008-12-01,1114.8999999999999
2009-01-01,2.5,75.71,4.324148443488858,75.5321669148677,4.334474150289498,94.60091324125463,0.010142558580868766,1.0,1.0,1.0,,2009-01-01,1156.374210526316
2009-02-01,2.0,79.49,4.3926796274084134,81.6494543731814,4.388926293492845,95.78934401656244,0.012562571909607634,1.0,1.0,1.0,,2009-02-01,1139.7455
2009-03-01,2.0,89.93,4.464447509612843,88.5365421070422,4.447611846184167,97.07016994519235,0.013371277794829162,1.0,1.0,1.0,,2009-03-01,1140.4545454545455
2009-04-01,2.0,98.41,4.5296149809256185,90.7864984625217,4.504978211779483,98.32220430656605,0.012898240129595173,1.0,1.0,1.0,,2009-04-01,1322.0981818181817
2009-05-01,2.0,99.13,4.581990798655275,95.7188277469921,4.558507008006313,99.49048281791093,0.011882143200351969,1.0,1.0,1.0,,2009-05-01,1400.497894736842
2009-06-01,2.0,100.38,4.621659499813331,99.6361398093211,4.605978954789229,100.52656917193941,0.01041392427378951,1.0,1.0,1.0,,2009-06-01,1395.2431818181817
2009-07-01,2.0,108.01,4.650227361597267,106.551472574095,4.645421222677166,101.38740590394666,0.008563275749865484,1.0,1.0,1.0,,2009-07-01,1460.0330434782609
2009-08-01,2.0,105.47,4.66796113985024,109.829627825675,4.674482957170065,102.02168506401951,0.006255995549129256,1.0,1.0,1.0,,2009-08-01,1577.907142857143
2009-09-01,2.0,108.66,4.678501238308434,110.027156762378,4.692779109140017,102.42100286478262,0.003914048278192306,1.0,1.0,1.0,,2009-09-01,1659.4468181818183
2009-10-01,2.0,105.49,4.684482645664151,109.983880992528,4.701995370801455,102.62214993351856,0.001963924030323083,1.0,1.0,1.0,,2009-10-01,1630.6128571428574
2009-11-01,2.0,104.32,4.689566010395714,108.077411320104,4.704490336538819,102.67660314492935,0.0005306185014255504,1.0,1.0,1.0,,2009-11-01,1583.4666666666667
2009-12-01,2.0,113.7,4.694685092710439,112.446395138794,4.702481930030278,102.63276920261481,-0.0004269126653193567,0.0,0.6666666666666666,,,2009-12-01,1646.6371428571426
2010-01-01,2.0,112.85,4.69633447197816,111.390435180119,4.696353964207484,102.49902491367752,-0.001303134369036285,0.0,0.3333333333333333,,,2010-01-01,1682.1575
2010-02-01,2.0,105.01,4.695108442943533,107.221158264114,4.688184779979089,102.3207305550895,-0.0017394737046344533,0.0,0.0,,1.0,2010-02-01,1598.9563157894736
2010-03-01,2.0,108.15,4.694735638041655,105.839151157136,4.681466903659558,102.17411133143419,-0.0014329376154753604,0.0,0.0,,1.0,2010-03-01,1665.5040909090908
2010-04-01,2.0,112.74,4.694615711040911,106.126058342985,4.678566861903494,102.1108172410673,-0.0006194728737261013,0.0,0.0,,1.0,2010-04-01,1730.286818181818
2010-05-01,2.0,107.79,4.692965474624654,105.209003569226,4.680195406009712,102.14636059750688,0.0003480861029216964,1.0,0.3333333333333333,,,2010-05-01,1648.3
2010-06-01,2.0,110.27,4.69121436875914,110.111657148709,4.6858827006256,102.27048713417086,0.0012151831542299707,1.0,0.6666666666666666,,,2010-06-01,1691.9371428571428
2010-07-01,2.25,109.12,4.689443893268792,108.432362980944,4.693104127997756,102.42809647745551,0.001541102890004531,1.0,1.0,1.0,,2010-07-01,1731.1227272727272
2010-08-01,2.25,104.44,4.688971088302011,108.861658362381,4.700658229811547,102.59296651832409,0.0016096173465927066,1.0,1.0,1.0,,2010-08-01,1762.1836363636364
2010-09-01,2.25,109.72,4.69142999680809,111.474318553537,4.706752049799352,102.72596556641754,0.0012963758882018617,1.0,1.0,1.0,,2010-09-01,1815.7494736842104
2010-10-01,2.25,108.34,4.694199318121261,112.602737275623,4.708695989324334,102.76839250172105,0.0004130108202884397,1.0,1.0,1.0,,2010-10-01,1889.6971428571428
2010-11-01,2.5,109.6,4.695343740206179,112.219332464278,4.704397205512963,102.67457053848354,-0.0009129457117463824,0.0,0.6666666666666666,,,2010-11-01,1924.7072727272725
2010-12-01,2.5,112.16,4.6919870194230295,110.658468732979,4.693048379400329,102.4268797512632,-0.0024123868833471063,0.0,0.3333333333333333,,,2010-12-01,2002.5040909090908
2011-01-01,2.75,115.5,4.6814102760592435,113.173155944311,4.6752030322679685,102.03740087163584,-0.003802506535132033,0.0,0.0,,1.0,2011-01-01,2091.6099999999997
2011-02-01,2.75,101.58,4.663840245616971,103.602328493844,4.652549411150732,101.5429802864378,-0.004845483920352223,0.0,0.0,,1.0,2011-02-01,2002.8694117647058
2011-03-01,3.0,96.32,4.646658957299241,93.1526975277445,4.63132717263651,101.07979996170683,-0.004561421414108646,0.0,0.0,,1.0,2011-03-01,2002.669090909091
2011-04-01,3.0,107.27,4.632714869062001,101.425656363149,4.616759963465073,100.76186721064813,-0.0031453638726940403,0.0,0.0,,1.0,2011-04-01,2153.132380952381
2011-05-01,3.0,103.06,4.616527999919065,101.176255927906,4.605844119214504,100.52362635394948,-0.0023643950166246652,0.0,0.0,,1.0,2011-05-01,2121.8720000000003
2011-06-01,3.25,101.25,4.597113903571794,101.773238560654,4.595794544332785,100.30429202906176,-0.0021819181504200147,0.0,0.0,,1.0,2011-06-01,2074.6438095238095
2011-07-01,3.25,105.61,4.575468250236153,106.054295088476,4.584759824298206,100.06345668054249,-0.0024010472896761614,0.0,0.0,,1.0,2011-07-01,2150.0561904761903
2011-08-01,3.25,84.65,4.55474565602643,89.2268969242323,4.573171707002968,99.81054330723212,-0.0025275298465632368,0.0,0.0,,1.0,2011-08-01,1869.4077272727272
2011-09-01,3.25,89.39,4.546988670818856,90.9787598989974,4.568173756694206,99.70146187148018,-0.0010928849011088149,0.0,0.0,,1.0,2011-09-01,1790.9495
2011-10-01,3.25,96.72,4.551985570195408,100.718961091217,4.5699618873598205,99.74048824194556,0.0003914322792546443,1.0,0.3333333333333333,,,2011-10-01,1825.878
2011-11-01,3.25,95.25,4.563833741450552,96.1985587066434,4.57385569872886,99.82547158680543,0.0008520446045314767,1.0,0.6666666666666666,,,2011-11-01,1858.7954545454545
2011-12-01,3.25,96.75,4.578722715799255,95.5623614944615,4.578765418096598,99.93262736161039,0.0010734311904729843,1.0,1.0,1.0,,2011-12-01,1863.23
2012-01-01,3.25,103.01,4.592069297088286,100.724715802715,4.582969820878195,100.0243894367739,0.0009182393937414712,1.0,1.0,1.0,,2012-01-01,1891.0115
2012-02-01,3.25,97.46,4.598594817972824,99.1917247374756,4.5831386767514175,100.02807475574436,3.684420361071972e-05,1.0,1.0,1.0,,2012-02-01,2003.2314285714285
2012-03-01,3.25,104.82,4.597528658743578,100.958877580977,4.578435569967959,99.92542834896936,-0.001026175971352461,0.0,0.6666666666666666,,,2012-03-01,2023.407142857143
2012-04-01,3.25,102.87,4.58607967862363,97.6019229162915,4.569203023189371,99.72392585373849,-0.00201652871106206,0.0,0.3333333333333333,,,2012-04-01,1995.9195
2012-05-01,3.25,93.04,4.567225480059941,91.2841572314464,4.558857757171207,99.4981380005622,-0.0022641292071419183,0.0,0.0,,1.0,2012-05-01,1886.3509523809525
2012-06-01,3.25,93.76,4.548939820467138,94.9067375656837,4.5518076677964565,99.34426814918949,-0.0015464596068304193,0.0,0.0,,1.0,2012-06-01,1848.5994999999998
2012-07-01,3.0,90.52,4.535590548560308,91.4913589817199,4.548657082810708,99.27550589417037,-0.0006921612721114689,0.0,0.0,,1.0,2012-07-01,1826.75
2012-08-01,3.0,88.93,4.530681315636485,93.9379576133437,4.5501028427194266,99.30705994270086,0.00031784324085060156,1.0,0.3333333333333333,,,2012-08-01,1918.9122727272727
2012-09-01,3.0,94.59,4.534551156765296,96.1033236974275,4.55409455841206,99.39418007234734,0.0008772803232393045,1.0,0.6666666666666666,,,2012-09-01,1961.289
2012-10-01,2.75,91.9,4.543023414297739,95.4978710398969,4.557948754023573,99.47829879402323,0.0008463143577890353,1.0,1.0,1.0,,2012-10-01,1942.1938095238095
2012-11-01,2.75,97.12,4.55350378274956,96.6276901537924,4.559942004157564,99.52180194491437,0.0004373129759809302,1.0,1.0,1.0,,2012-11-01,1904.703181818182
2012-12-01,2.75,98.42,4.561044172769384,97.7955863072632,4.558448901686898,99.48921463388419,-0.0003274389168337333,0.0,0.6666666666666666,,,2012-12-01,1973.8416666666667
2013-01-01,2.75,98.73,4.563062778261905,97.2604748552414,4.552770109629422,99.3652736675484,-0.001245772888969876,0.0,0.3333333333333333,,,2013-01-01,1986.1031818181816
2013-02-01,2.75,93.37,4.559950733973569,94.7785325888776,4.544276806181831,99.17990533110935,-0.0018655243386058729,0.0,0.0,,1.0,2013-02-01,1979.8547368421052
2013-03-01,2.75,96.9,4.555190970777347,92.3688782834988,4.536426636800608,99.00857354625776,-0.0017274848597566006,0.0,0.0,,1.0,2013-03-01,1990.243
2013-04-01,2.75,91.45,4.549800615167383,86.181954566065,4.533292784045294,98.9401764760857,-0.0006908196706835179,0.0,0.0,,1.0,2013-04-01,1938.8840909090907
2013-05-01,2.5,98.0,4.546746338254062,96.1520181130317,4.538047614125709,99.04395175592771,0.0010488689583760813,1.0,0.3333333333333333,,,2013-05-01,1974.4538095238095
2013-06-01,2.5,90.09,4.545408711589687,91.8618198596242,4.547351858059024,99.24701905834827,0.0020502746388892934,1.0,0.6666666666666666,,,2013-06-01,1884.4126315789472
2013-07-01,2.5,94.2,4.549198917177787,95.3474443317963,4.560229477258207,99.52807611264734,0.00283189416635099,1.0,1.0,1.0,,2013-07-01,1871.7682608695652
2013-08-01,2.5,91.9,4.556825553052563,96.9144828289781,4.573410096076079,99.81574620457124,0.0028903411294549652,1.0,1.0,1.0,,2013-08-01,1896.9619047619046
2013-09-01,2.5,103.7,4.566599231959413,105.088873001662,4.58339497217283,100.03366846332791,0.002183245299895331,1.0,1.0,1.0,,2013-09-01,1984.3944444444444
2013-10-01,2.5,94.69,4.57302134467437,98.2793646171312,4.586720655758172,100.10625228628224,0.0007255939332160288,1.0,1.0,1.0,,2013-10-01,2029.675238095238
2013-11-01,2.5,100.09,4.578491479510064,98.7973130105985,4.585975709136103,100.08999365182737,-0.00016241377619830022,0.0,0.6666666666666666,,,2013-11-01,2009.9242857142858
2013-12-01,2.5,97.08,4.583045486020342,96.9999238137331,4.583840863903066,100.04340015474524,-0.000465516035940694,0.0,0.3333333333333333,,,2013-12-01,1988.334
2014-01-01,2.5,94.3,4.589627245131395,93.7505190153728,4.583598381983508,100.03810793007409,-5.289928833851487e-05,0.0,0.0,,1.0,2014-01-01,1948.2195
2014-02-01,2.5,97.73,4.600388914446776,98.9861188676374,4.587757127639898,100.12887352778938,0.0009073102200087835,1.0,0.3333333333333333,,,2014-02-01,1937.7329999999997
2014-03-01,2.5,103.69,4.612933358794438,99.1105123779297,4.595185008379082,100.29098876415019,0.0016190658163732774,1.0,0.6666666666666666,,,2014-03-01,1952.4295238095237
2014-04-01,2.5,103.9,4.622946513389937,98.2620150133192,4.605361826255754,100.51310019719652,0.002214669889920584,1.0,1.0,1.0,,2014-04-01,1991.1913636363636
2014-05-01,2.5,102.71,4.629116422837345,100.205773561958,4.617855926587151,100.78578686240573,0.0027129465181576773,1.0,1.0,1.0,,2014-05-01,1994.1347368421052
2014-06-01,2.5,101.0,4.632290555708477,103.097144923199,4.63073357378898,101.06684452786912,0.00278866370162989,1.0,1.0,1.0,,2014-06-01,1995.0836842105261
2014-07-01,2.5,103.19,4.63361065687785,104.06891526927,4.64116068948387,101.29441876940496,0.0022517200630824963,1.0,1.0,1.0,,2014-07-01,2021.9521739130435
2014-08-01,2.25,108.17,4.632407784917552,113.169503232568,4.64672237464161,101.41580385023359,0.0011983392797283443,1.0,1.0,1.0,,2014-08-01,2060.9335
2014-09-01,2.25,101.78,4.628325032003957,103.734362768796,4.645333124127211,101.38548313246572,-0.0002989742881951418,0.0,0.6666666666666666,,,2014-09-01,2042.7105263157894
2014-10-01,2.0,96.19,4.6264144401457346,99.6011672135308,4.641870389395624,101.30990813615425,-0.0007454222633898056,0.0,0.3333333333333333,,,2014-10-01,1942.8028571428572
2014-11-01,2.0,104.16,4.631147146655975,102.313997358133,4.640914601465293,101.28904784077834,-0.00020590577723034187,0.0,0.0,,1.0,2014-11-01,1959.6470000000002
2014-12-01,2.0,99.8,4.640658599086483,100.008341460523,4.6435974491139405,101.34760161889517,0.0005780859763719892,1.0,0.3333333333333333,,,2014-12-01,1941.9257142857143
2015-01-01,2.0,104.54,4.654643538032082,104.564152940004,4.649960472558132,101.48647609545787,0.001370278865452823,1.0,0.6666666666666666,,,2015-01-01,1920.992857142857
2015-02-01,2.0,105.99,4.668843812771938,107.323821486868,4.656795454618728,101.63565117933207,0.0014699011101133586,1.0,1.0,1.0,,2015-02-01,1961.001176470588
2015-03-01,1.75,112.28,4.678466420048749,108.186226297172,4.660880740606006,101.72481350256854,0.0008772740883919994,1.0,1.0,1.0,,2015-03-01,2012.619090909091
2015-04-01,1.75,114.07,4.678138128670861,108.355380255922,4.660609584395796,101.71889545478984,-5.8177032475348334e-05,0.0,0.6666666666666666,,,2015-04-01,2107.268181818182
2015-05-01,1.75,108.86,4.666969504754954,105.88719192481,4.656322189544764,101.62532205827844,-0.0009199214766639763,0.0,0.3333333333333333,,,2015-05-01,2114.898888888889
2015-06-01,1.5,100.6,4.650257234208186,102.198316687492,4.6504610734462295,101.49740182705561,-0.0012587436736434254,0.0,0.0,,1.0,2015-06-01,2063.685909090909
2015-07-01,1.5,101.6,4.635732638594269,102.351414838995,4.645981551511876,101.39963521196442,-0.0009632425395260658,0.0,0.0,,1.0,2015-07-01,2058.034347826087
2015-08-01,1.5,94.86,4.627003651399461,99.4301415063457,4.643843224924391,101.35296573350631,-0.0004602529226122032,0.0,0.0,,1.0,2015-08-01,1952.5490000000002
2015-09-01,1.5,101.43,4.6261300117410435,103.949718847071,4.643517082468014,101.34584759803008,-7.023115135029734e-05,0.0,0.0,,1.0,2015-09-01,1939.5825
2015-10-01,1.5,108.25,4.627305621372099,111.747667622315,4.64071262490612,101.28463965508186,-0.0006039511672050191,0.0,0.0,,1.0,2015-10-01,2020.567142857143
2015-11-01,1.5,105.81,4.624011754847324,103.854442625235,4.6311721402087445,101.0764163426702,-0.0020558232039996627,0.0,0.0,,1.0,2015-11-01,2006.7809523809524
2015-12-01,1.5,101.99,4.615754490555075,102.386057491951,4.617038583686069,100.7679481622099,-0.003051831392740789,0.0,0.0,,1.0,2015-12-01,1971.5285714285715
2016-01-01,1.5,96.24,4.606007889600481,96.0217753184728,4.6014558378767045,100.42785108624193,-0.0033750521090347707,0.0,0.0,,1.0,2016-01-01,1894.6509999999998
2016-02-01,1.5,94.41,4.599207764205745,95.7648641437513,4.588561145916639,100.14642141493904,-0.0028023070120380966,0.0,0.0,,1.0,2016-02-01,1900.6100000000001
2016-03-01,1.5,103.38,4.595660668004205,100.438701075003,4.579366832873241,99.94575337993108,-0.002003746436195941,0.0,0.0,,1.0,2016-03-01,1976.5027272727273
2016-04-01,1.5,101.39,4.590236345426108,95.5837413928339,4.572625089151741,99.79861324463927,-0.0014721999716433842,0.0,0.0,,1.0,2016-04-01,1996.1705000000002
2016-05-01,1.5,95.99,4.582312263678849,92.6403813290072,4.56964499736637,99.73357204363914,-0.0006517244968192726,0.0,0.0,,1.0,2016-05-01,1966.6755
2016-06-01,1.25,92.41,4.574295831715659,93.1855280942391,4.5706654320359865,99.7558432692369,0.00022330720881047483,1.0,0.3333333333333333,,,2016-06-01,1977.0295238095239
2016-07-01,1.25,104.46,4.566689025997145,105.508402722203,4.572458518980938,99.79497781165934,0.00039230325903627516,1.0,0.6666666666666666,,,2016-07-01,2002.482857142857
2016-08-01,1.25,98.12,4.554925636630076,102.884889019882,4.568739666477453,99.71381298500654,-0.0008133157442650196,0.0,0.6666666666666666,,,2016-08-01,2036.6563636363637
2016-09-01,1.25,90.54,4.543097885782246,93.4941249420663,4.5605403092335095,99.53486009328921,-0.0017946650154100352,0.0,0.3333333333333333,,,2016-09-01,2042.5552631578948
2016-10-01,1.25,90.45,4.538594634948408,93.6797566199039,4.5543887978263164,99.40060191645925,-0.0013488558350724933,0.0,0.0,,1.0,2016-10-01,2036.0325
2016-11-01,1.25,91.2,4.544871336822606,88.5411545986477,4.5548946816931615,99.41164295030515,0.00011107612663319166,1.0,0.3333333333333333,,,2016-11-01,1981.7463636363636
2016-12-01,1.25,96.18,4.561820477620814,96.3028614370371,4.565439479464574,99.6417856307162,0.0023150475495721246,1.0,0.6666666666666666,,,2016-12-01,2021.6666666666667
2017-01-01,1.25,98.89,4.585980339198422,97.9755441463781,4.58335156998788,100.03272120047882,0.003923409915710163,1.0,1.0,1.0,,2017-01-01,2061.7335
2017-02-01,1.25,98.14,4.61435371621838,99.9903971779269,4.60613365055501,100.52994544324937,0.004970615982484938,1.0,1.0,1.0,,2017-02-01,2082.795
2017-03-01,1.25,101.15,4.644790129927909,99.4200357158197,4.63140340440051,101.08146373780568,0.005486109557949037,1.0,1.0,1.0,,2017-03-01,2136.1745454545453
2017-04-01,1.25,113.39,4.672190983408367,108.103076725329,4.656689077522073,101.63332947428952,0.005459613623278514,1.0,1.0,1.0,,2017-04-01,2160.1825
2017-05-01,1.25,115.18,4.688485191565912,112.346712827361,4.676803411092135,102.0723295141998,0.004319449556371424,1.0,1.0,1.0,,2017-05-01,2301.8900000000003
2017-06-01,1.25,112.44,4.691784421166564,112.203264366063,4.688796712853427,102.33408613335517,0.0025644228989498696,1.0,1.0,1.0,,2017-06-01,2372.2042857142856
2017-07-01,1.25,111.09,4.68631626676291,112.365494337941,4.693514363168544,102.43704995611395,0.00100615373282964,1.0,1.0,1.0,,2017-07-01,2412.8990476190475
2017-08-01,1.25,96.7,4.679537985454696,101.199211451351,4.694471520783819,102.45794014518448,0.00020393196679791004,1.0,1.0,1.0,,2017-08-01,2372.1845454545455
2017-09-01,1.25,101.66,4.68144045569341,104.666237831986,4.69757690399419,102.52571586087205,0.0006614979336061477,1.0,1.0,1.0,,2017-09-01,2371.84380952381
2017-10-01,1.25,110.02,4.690635221376351,113.049428504055,4.702181772651205,102.62621819753508,0.0009802646664707204,1.0,1.0,1.0,,2017-10-01,2482.87125
2017-11-01,1.5,116.91,4.699428518821213,113.824845454417,4.703671516189305,102.65873219907553,0.0003168196403560142,1.0,1.0,1.0,,2017-11-01,2533.51
2017-12-01,1.5,109.87,4.701184294511134,109.345642390389,4.699604135415121,102.56996066130733,-0.0008647246645910878,0.0,0.6666666666666666,,,2017-12-01,2467.7257894736845
2018-01-01,1.5,113.87,4.695801508120595,111.98523322629,4.690163349995893,102.3639133089857,-0.002008846946934262,0.0,0.3333333333333333,,,2018-01-01,2520.937727272727
2018-02-01,1.5,105.32,4.682979693895277,107.828995443861,4.675101330270883,102.03518120173608,-0.0032114062136071597,0.0,0.0,,1.0,2018-02-01,2439.104444444444
2018-03-01,1.5,104.77,4.6665574985732645,104.518875386513,4.656560775270607,101.63052924760947,-0.0039658081591148475,0.0,0.0,,1.0,2018-03-01,2451.57
2018-04-01,1.5,105.21,4.647634128268319,100.483541999088,4.637145803161758,101.20679293534472,-0.004169380159699587,0.0,0.0,,1.0,2018-04-01,2458.224761904762
2018-05-01,1.5,105.18,4.625748957911302,103.01748956633,4.618851204614541,100.8075090383965,-0.003945228233872555,0.0,0.0,,1.0,2018-05-01,2461.3005000000003
2018-06-01,1.5,101.52,4.601318730818992,100.423032454115,4.601370421657431,100.4259868572562,-0.0037846603371082255,0.0,0.0,,1.0,2018-06-01,2394.507894736842
2018-07-01,1.5,90.53,4.577915309212903,91.7133458052747,4.585756561821581,100.08521071037488,-0.0033933064293976134,0.0,0.0,,1.0,2018-07-01,2284.2536363636364
2018-08-01,1.5,96.29,4.561107628125714,100.996928569376,4.573743176672155,99.82301576657096,-0.0026197171584386725,0.0,0.0,,1.0,2018-08-01,2283.7968181818183
2018-09-01,1.5,100.3,4.5488482122964475,103.369437279222,4.561378625142975,99.55315653430381,-0.0027033768735077457,0.0,0.0,,1.0,2018-09-01,2307.3258823529413
2018-10-01,1.5,87.25,4.539749811393009,89.8512230324389,4.548215090473934,99.26585930792838,-0.002885867574439316,0.0,0.0,,1.0,2018-10-01,2153.476666666667
2018-11-01,1.75,93.55,4.5386804382280905,89.5247379158133,4.540323724026152,99.09362838745288,-0.0017350468900010352,0.0,0.0,,1.0,2018-11-01,2083.333181818182
2018-12-01,1.75,92.36,4.543024525401417,90.8502223563029,4.5395329642980045,99.07636987123075,-0.00017416373285528142,0.0,0.0,,1.0,2018-12-01,2070.128947368421
2019-01-01,1.75,97.1,4.550147344816822,94.8686142510822,4.54379026414674,99.16928643727033,0.0009378277197715779,1.0,0.3333333333333333,,,2019-01-01,2101.984090909091
2019-02-01,1.75,96.08,4.555586485320332,99.2768972685765,4.548473948972937,99.27150895528048,0.0010307880764557353,1.0,0.6666666666666666,,,2019-02-01,2210.1988235294116
2019-03-01,1.75,94.51,4.557577918998756,95.2189299193402,4.54969959765518,99.29825902475439,0.0002694637137625744,1.0,1.0,1.0,,2019-03-01,2161.9145
2019-04-01,1.75,100.73,4.555368877884941,96.9656722278337,4.547772710232209,99.25620425557,-0.0004235197031390303,0.0,0.6666666666666666,,,2019-04-01,2212.120454545455
2019-05-01,1.75,94.39,4.547270616764062,93.3106157463631,4.543547963489929,99.16399816870107,-0.0009289705118231684,0.0,0.3333333333333333,,,2019-05-01,2086.8980952380953
2019-06-01,1.75,94.52,4.537612616470033,92.8999325853811,4.5401335426070455,99.08947763345017,-0.0007514878043149986,0.0,0.0,,1.0,2019-06-01,2105.303157894737
2019-07-01,1.5,89.08,4.530741755201637,89.7599711338411,4.539991948814734,99.08638731577898,-3.1187142620958674e-05,0.0,0.0,,1.0,2019-07-01,2079.48
2019-08-01,1.5,83.49,4.532186405732231,87.7846286284795,4.5448554803508845,99.19253503034471,0.0010712643526649135,1.0,0.3333333333333333,,,2019-08-01,1944.2376190476189
2019-09-01,1.5,96.3,4.543130790549783,98.9606525665632,4.552824468136641,99.36646005469642,0.0017534084021393337,1.0,0.6666666666666666,,,2019-09-01,2045.2052631578947
2019-10-01,1.25,93.44,4.553428594485653,95.9442434375983,4.556068632718299,99.4372647063078,0.0007125608738844935,1.0,1.0,1.0,,2019-10-01,2065.747619047619
2019-11-01,1.25,102.76,4.555500078882991,98.5921964181979,4.550308434845396,99.31154703898926,-0.0012642912864694322,0.0,0.6666666666666666,,,2019-11-01,2128.794761904762
2019-12-01,1.25,105.54,4.5400659248660356,103.35495285478,4.531916909840056,98.9101476993973,-0.004041819421405024,0.0,0.3333333333333333,,,2019-12-01,2147.0135
2020-01-01,1.25,101.83,4.505953574461657,99.6508559376559,4.500715527543771,98.22917022501996,-0.0068848089929755,0.0,0.0,,1.0,2020-01-01,2203.4425
2020-02-01,1.25,80.41,4.4645391746976015,83.807721425722,4.46552956221418,97.46122829295604,-0.007817860318933167,0.0,0.0,,1.0,2020-02-01,2167.1235
2020-03-01,0.75,68.86,4.4395723297688425,69.9772416702911,4.443738744977456,96.98563860447453,-0.004879783446315122,0.0,0.0,,1.0,2020-03-01,1786.7463636363636
2020-04-01,0.75,79.16,4.446642030953261,75.841785904801,4.449587312154826,97.11328495255461,0.0013161365942089276,1.0,0.3333333333333333,,,2020-04-01,1849.589
2020-05-01,0.5,89.3,4.479459649905231,89.1673688376578,4.480747502028609,97.79336339266571,0.007002939303756062,1.0,0.6666666666666666,,,2020-05-01,1965.1742105263156
2020-06-01,0.5,98.39,4.523812101874639,96.7172784921119,4.524643962306513,98.75141391652703,0.009796682419179081,1.0,1.0,1.0,,2020-06-01,2134.6968181818183
2020-07-01,0.5,105.03,4.56680947315036,105.182205133671,4.569528948830012,99.73103925716052,0.009920114576400518,1.0,1.0,1.0,,2020-07-01,2195.9486956521737
2020-08-01,0.5,98.87,4.602428808282935,103.429329976496,4.607649192869595,100.56302250912736,0.008342269950898151,1.0,1.0,1.0,,2020-08-01,2349.873
2020-09-01,0.5,99.05,4.6338663087731184,101.141815576904,4.638553661245502,101.23751976767048,0.006707209486289001,1.0,1.0,1.0,,2020-09-01,2371.5161904761903
2020-10-01,0.5,104.89,4.6634083675087314,107.108789780486,4.664439552265967,101.80248540033806,0.005580595355991758,1.0,1.0,1.0,,2020-10-01,2357.821052631579
2020-11-01,0.5,112.07,4.689308679960473,107.559713370189,4.6856377555052395,102.26514114956544,0.004544641001720029,1.0,1.0,1.0,,2020-11-01,2504.1809523809525
2020-12-01,0.5,113.13,4.708713809559561,110.16433419898,4.703276427888657,102.65010930440451,0.0037644122964251014,1.0,1.0,1.0,,2020-12-01,2755.7709523809526
2021-01-01,0.5,113.74,4.721913740486959,112.111343349559,4.717839407079879,102.96794973515456,0.003096347708773539,1.0,1.0,1.0,,2021-01-01,3089.267
2021-02-01,0.5,106.71,4.731288468871764,110.485710491311,4.729699137140229,103.22679112066126,0.002513805375094602,1.0,1.0,1.0,,2021-02-01,3092.411666666667
2021-03-01,0.5,114.23,4.740483707745809,115.276871452618,4.73936772696148,103.43781035739713,0.0020442293560127833,1.0,1.0,1.0,,2021-03-01,3032.4690909090914
2021-04-01,0.5,118.56,4.7466950204108125,115.671809119748,4.74525412844749,103.56628244812214,0.0012420225281366548,1.0,1.0,1.0,,2021-04-01,3165.083181818182
2021-05-01,0.5,115.1,4.746878994422046,115.852803842323,4.746442761084552,103.59222463374272,0.00025048872091715246,1.0,1.0,1.0,,2021-05-01,3169.2005263157894
2021-06-01,0.5,117.77,4.7410210940257915,116.295370731779,4.742484421343048,103.50583294204456,-0.0008339592281524366,0.0,0.6666666666666666,,,2021-06-01,3259.14
2021-07-01,0.5,115.92,4.728992833201611,115.28394710329,4.733428226052932,103.30817935934206,-0.0019095888326715604,0.0,0.3333333333333333,,,2021-07-01,3254.5731818181816
2021-08-01,0.75,108.31,4.713587595765148,112.605197564866,4.720480129045026,103.02558411036532,-0.002735458612563302,0.0,0.0,,1.0,2021-08-01,3182.5009523809526
2021-09-01,0.75,106.47,4.700119603967906,108.253950291437,4.706029932437082,102.7102051859032,-0.0030611709429791967,0.0,0.0,,1.0,2021-09-01,3141.6994736842107
2021-10-01,0.75,105.26,4.690888539738291,107.26062939232,4.692756302424522,102.42050510287679,-0.0028205579231592726,0.0,0.0,,1.0,2021-10-01,2989.873157894737
2021-11-01,1.0,111.35,4.684793214618891,107.197597270206,4.681511750084524,102.1750901151598,-0.002396150921834206,0.0,0.0,,1.0,2021-11-01,2964.3018181818184
2021-12-01,1.0,111.99,4.677099481516617,108.570502543473,4.671666295978381,101.96021077399362,-0.0021030501751845287,0.0,0.0,,1.0,2021-12-01,2988.4940909090906
2022-01-01,1.25,104.06,4.666013488577257,102.873759434681,4.662010191242258,101.74946402716405,-0.0020669508745594367,0.0,0.0,,1.0,2022-01-01,2865.552
2022-02-01,1.25,103.83,4.654097183088575,107.816777013657,4.652667309512753,101.54555344579465,-0.0020040457541374845,0.0,0.0,,1.0,2022-02-01,2724.0150000000003
2022-03-01,1.25,103.87,4.641693164753349,104.863327122575,4.641345514658058,101.29845262210816,-0.0024333987585030137,0.0,0.0,,1.0,2022-03-01,2698.7161904761906
2022-04-01,1.5,105.0,4.627948049318145,102.173004422876,4.628106108842551,101.00949949019598,-0.002852493048340121,0.0,0.0,,1.0,2022-04-01,2703.2428571428572
2022-05-01,,98.77,4.612160937149131,99.8206281858288,4.613968876449625,100.70095108300677,-0.003054647421742329,0.0,0.0,,1.0,2022-05-01,2622.7557142857145
,,,,,,,,,,,,2006-03-01,1331.72
