종목코드,종목명,시장구분,업종코드,업종명,상장주식수,액면가,자본금
095570,AJ네트웍스,KOSPI,147603,산업용 기계 및 장비 임대업,46822295,1000,46822295000
006840,AK홀딩스,KOSPI,116409,기타 금융업,13247561,5000,66237805000
027410,BGF,KOSPI,116409,기타 금융업,95716791,1000,95716791000
282330,BGF리테일,KOSPI,74701,종합 소매업,17283906,1000,17283906000
138930,BNK금융지주,KOSPI,116409,기타 금융업,325935246,5000,1629676230000
001460,BYC,KOSPI,31401,봉제의복 제조업,624615,5000,4200000000
001040,CJ,KOSPI,116409,기타 금융업,29176998,5000,179047370000
079160,CJ CGV,KOSPI,105901,"영화, 비디오물, 방송프로그램 제작 및 배급업",40827874,500,20413937000
000120,CJ대한통운,KOSPI,84903,도로 화물 운송업,22812344,5000,114061720000
011150,CJ씨푸드,KOSPI,31007,기타 식품 제조업,35930773,500,18065386500
097950,CJ제일제당,KOSPI,31007,기타 식품 제조업,15054186,5000,81908095000
000590,CS홀딩스,KOSPI,116409,기타 금융업,1154482,5000,5772410000
012030,DB,KOSPI,106201,"컴퓨터 프로그래밍, 시스템 통합 및 관리업",201173933,500,100586966500
016610,DB금융투자,KOSPI,116601,금융 지원 서비스업,42446389,5000,212231945000
005830,DB손해보험,KOSPI,116501,보험업,70800000,500,35400000000
000990,DB하이텍,KOSPI,32601,반도체 제조업,44398588,5000,222554520000
139130,DGB금융지주,KOSPI,116409,기타 금융업,169145833,5000,845729165000
001530,DI동일,KOSPI,74601,상품 중개업,25568270,500,12784135000
000210,DL,KOSPI,116409,기타 금융업,20955884,5000,138709995000
001880,DL건설,KOSPI,64101,건물 건설업,22053284,5000,110266420000
375500,DL이앤씨,KOSPI,64102,토목 건설업,19358738,5000,107363115000
004840,DRB동일,KOSPI,32201,고무제품 제조업,19930000,500,9965000000
155660,DSR,KOSPI,32402,1차 비철금속 제조업,16000000,500,8000000000
069730,DSR제강,KOSPI,32401,1차 철강 제조업,14400000,500,7200000000
017940,E1,KOSPI,74607,기타 전문 도매업,6860000,5000,34300000000
365550,ESR켄달스퀘어리츠,KOSPI,126801,부동산 임대 및 공급업,213089000,1000,213089000000
383220,F&F,KOSPI,31401,봉제의복 제조업,38307075,100,3830707500
007700,F&F홀딩스,KOSPI,116409,기타 금융업,39114367,500,19557183500
114090,GKL,KOSPI,189102,유원지 및 기타 오락관련 서비스업,61855670,500,30927835000
078930,GS,KOSPI,116409,기타 금융업,92915378,5000,473501020000
006360,GS건설,KOSPI,64101,건물 건설업,85581490,5000,427907450000
001250,GS글로벌,KOSPI,74608,상품 종합 도매업,82533764,2500,206334410000
007070,GS리테일,KOSPI,74701,종합 소매업,104717922,1000,104717922000
012630,HDC,KOSPI,116409,기타 금융업,59741721,5000,298708605000
039570,HDC랩스,KOSPI,64203,전기 및 통신 공사업,25957601,500,12978800500
089470,HDC현대EP,KOSPI,32004,기타 화학제품 제조업,31900000,500,17200000000
294870,HDC현대산업개발,KOSPI,64101,건물 건설업,65907330,5000,329536650000
267250,HD현대,KOSPI,31902,석유 정제품 제조업,78993085,1000,81433085000
097230,HJ중공업,KOSPI,64102,토목 건설업,83274281,5000,416371405000
003580,HLB글로벌,KOSPI,20702,기타 비금속광물 광업,42165837,500,21082918500
011200,HMM,KOSPI,85001,해상 운송업,489039496,5000,2445197480000
082740,HSD엔진,KOSPI,32901,일반 목적용 기계 제조업,46721246,1000,46721246000
003560,IHQ,KOSPI,105901,"영화, 비디오물, 방송프로그램 제작 및 배급업",151378606,500,75689303000
175330,JB금융지주,KOSPI,116409,기타 금융업,196982894,5000,984914470000
234080,JW생명과학,KOSPI,32102,의약품 제조업,15834554,2500,39586385000
001060,JW중외제약,KOSPI,32102,의약품 제조업,22178081,2500,56159357500
096760,JW홀딩스,KOSPI,116409,기타 금융업,70444706,500,35222353000
105560,KB금융,KOSPI,116409,기타 금융업,412352494,5000,2090557685000
002380,KCC,KOSPI,32004,기타 화학제품 제조업,8886471,5000,48084660000
344820,KCC글라스,KOSPI,32301,유리 및 유리제품 제조업,15970512,1000,15970512000
009070,KCTC,KOSPI,84903,도로 화물 운송업,30000000,500,15000000000
009440,KC그린홀딩스,KOSPI,116409,기타 금융업,22434980,500,11217490000
119650,KC코트렐,KOSPI,32901,일반 목적용 기계 제조업,17600000,500,8800000000
092220,KEC,KOSPI,32601,반도체 제조업,144748141,500,72374070500
016380,KG스틸,KOSPI,32401,1차 철강 제조업,100008897,5000,500311410000
001390,KG케미칼,KOSPI,32001,기초 화학물질 제조업,13866096,5000,71638725000
033180,KH 필룩스,KOSPI,32602,전자부품 제조업,149288931,500,74794465500
001940,KISCO홀딩스,KOSPI,32401,1차 철강 제조업,16176380,1000,18476380000
025000,KPX케미칼,KOSPI,32001,기초 화학물질 제조업,4840000,5000,24200000000
092230,KPX홀딩스,KOSPI,32001,기초 화학물질 제조업,4224646,5000,21123230000
000040,KR모터스,KOSPI,33109,그외 기타 운송장비 제조업,96137368,500,48068684000
044450,KSS해운,KOSPI,85001,해상 운송업,23085880,500,11592940000
030200,KT,KOSPI,106102,전기 통신업,261111808,5000,1564498835000
033780,KT&G,KOSPI,31201,담배 제조업,137292497,5000,954959485000
058850,KTcs,KOSPI,106309,기타 정보 서비스업,42685000,500,23842500000
058860,KTis,KOSPI,106309,기타 정보 서비스업,34802000,500,17401000000
093050,LF,KOSPI,31401,봉제의복 제조업,29240000,5000,146200000000
003550,LG,KOSPI,116409,기타 금융업,157300993,5000,801613065000
034220,LG디스플레이,KOSPI,32602,전자부품 제조업,357815700,5000,1789078500000
051900,LG생활건강,KOSPI,32004,기타 화학제품 제조업,15618197,5000,88589470000
373220,LG에너지솔루션,KOSPI,32802,일차전지 및 축전지 제조업,234000000,500,117000000000
032640,LG유플러스,KOSPI,106102,전기 통신업,436611361,5000,2573969175000
011070,LG이노텍,KOSPI,32602,전자부품 제조업,23667107,5000,118335535000
066570,LG전자,KOSPI,32604,통신 및 방송 장비 제조업,163647814,5000,904169030000
037560,LG헬로비전,KOSPI,106002,텔레비전 방송업,77446865,2500,193617162500
051910,LG화학,KOSPI,32001,기초 화학물질 제조업,70592343,5000,391405715000
079550,LIG넥스원,KOSPI,32502,무기 및 총포탄 제조업,22000000,5000,110000000000
006260,LS,KOSPI,116409,기타 금융업,32200000,5000,161000000000
010120,LS ELECTRIC,KOSPI,32801,"전동기, 발전기 및 전기 변환 · 공급 · 제어 장치 제조업",30000000,5000,150000000000
000680,LS네트웍스,KOSPI,74608,상품 종합 도매업,78803016,5000,394015080000
229640,LS전선아시아,KOSPI,116409,기타 금융업,30624879,500,15312439500
001120,LX인터내셔널,KOSPI,74601,상품 중개업,38760000,5000,193800000000
108670,LX하우시스,KOSPI,32202,플라스틱제품 제조업,8967670,5000,50000000000
383800,LX홀딩스,KOSPI,116409,기타 금융업,76280690,1000,77745975000
023150,MH에탄올,KOSPI,31101,알코올음료 제조업,7378526,500,4596763000
035420,NAVER,KOSPI,106301,"자료처리, 호스팅, 포털 및 기타 인터넷 정보매개 서비스업",164049085,100,16481339500
181710,NHN,KOSPI,105802,소프트웨어 개발 및 공급업,37517915,500,18758957500
400760,NH올원리츠,KOSPI,126801,부동산 임대 및 공급업,42200000,500,21100000000
005940,NH투자증권,KOSPI,116601,금융 지원 서비스업,331665921,5000,1782560200000
338100,NH프라임리츠,KOSPI,126801,부동산 임대 및 공급업,18660000,500,9330000000
034310,NICE,KOSPI,137105,회사 본부 및 경영 컨설팅 서비스업,37882300,500,18941150000
008260,NI스틸,KOSPI,32401,1차 철강 제조업,28600117,500,14300058500
004250,NPC,KOSPI,32202,플라스틱제품 제조업,36720000,500,21000000000
010060,OCI,KOSPI,32001,기초 화학물질 제조업,23849371,5000,127246855000
178920,PI첨단소재,KOSPI,32202,플라스틱제품 제조업,29366322,500,14683161000
005490,POSCO홀딩스,KOSPI,32401,1차 철강 제조업,87186835,5000,482403125000
010950,S-Oil,KOSPI,31902,석유 정제품 제조업,112582792,2500,291511797500
034120,SBS,KOSPI,106002,텔레비전 방송업,18252582,5000,91262910000
005090,SGC에너지,KOSPI,43501,전기업,14677004,5000,73385020000
001380,SG글로벌,KOSPI,33003,자동차 신품 부품 제조업,44964143,500,22482071500
004060,SG세계물산,KOSPI,74608,상품 종합 도매업,202424960,500,101212480000
001770,SHD,KOSPI,32401,1차 철강 제조업,1214878,5000,6074390000
002360,SH에너지화학,KOSPI,32001,기초 화학물질 제조업,111133730,500,55566865000
009160,SIMPAC,KOSPI,32902,특수 목적용 기계 제조업,65429516,500,32714758000
123700,SJM,KOSPI,33003,자동차 신품 부품 제조업,15604898,500,7802449000
025530,SJM홀딩스,KOSPI,74502,자동차 부품 및 내장품 판매업,14934008,500,7467004000
034730,SK,KOSPI,116409,기타 금융업,74149329,200,16143092800
011790,SKC,KOSPI,32004,기타 화학제품 제조업,37868298,5000,189341490000
018670,SK가스,KOSPI,74607,기타 전문 도매업,9230244,5000,46151220000
001740,SK네트웍스,KOSPI,74607,기타 전문 도매업,248187647,2500,620753237500
006120,SK디스커버리,KOSPI,116409,기타 금융업,19037855,5000,111677150000
210980,SK디앤디,KOSPI,126801,부동산 임대 및 공급업,22190164,1000,22190164000
068400,SK렌터카,KOSPI,147601,운송장비 임대업,47285840,500,23642920000
395400,SK리츠,KOSPI,126801,부동산 임대 및 공급업,155020532,500,77510266000
302440,SK바이오사이언스,KOSPI,32101,기초 의약물질 및 생물학적 제제 제조업,76665556,500,38332778000
326030,SK바이오팜,KOSPI,137001,자연과학 및 공학 연구개발업,78313250,500,39156625000
402340,SK스퀘어,KOSPI,116409,기타 금융업,141467571,100,14146757100
361610,SK아이이테크놀로지,KOSPI,32802,일차전지 및 축전지 제조업,71297592,1000,71297592000
096770,SK이노베이션,KOSPI,31902,석유 정제품 제조업,92465564,5000,468569950000
001510,SK증권,KOSPI,116601,금융 지원 서비스업,472590171,500,238251342500
285130,SK케미칼,KOSPI,32002,합성고무 및 플라스틱 물질 제조업,17620780,5000,98681045000
017670,SK텔레콤,KOSPI,106102,전기 통신업,218833144,100,30492715900
000660,SK하이닉스,KOSPI,32601,반도체 제조업,728002365,5000,3657652050000
064960,SNT모티브,KOSPI,33003,자동차 신품 부품 제조업,14623136,5000,73115680000
100840,SNT에너지,KOSPI,32901,일반 목적용 기계 제조업,7506711,500,3753355500
003570,SNT중공업,KOSPI,33003,자동차 신품 부품 제조업,33252697,2500,85631742500
036530,SNT홀딩스,KOSPI,116409,기타 금융업,16303886,500,8351943000
005610,SPC삼립,KOSPI,31007,기타 식품 제조업,8629009,5000,43145045000
011810,STX,KOSPI,74608,상품 종합 도매업,28621454,2500,71553635000
077970,STX엔진,KOSPI,32901,일반 목적용 기계 제조업,23008904,2500,57522260000
071970,STX중공업,KOSPI,32901,일반 목적용 기계 제조업,28365976,2500,70914940000
002820,SUN&L,KOSPI,31602,나무제품 제조업,12607989,1000,12607989000
084870,TBH글로벌,KOSPI,31401,봉제의복 제조업,20856819,500,10428409500
002710,TCC스틸,KOSPI,32401,1차 철강 제조업,23500000,1000,23500000000
069260,TKG휴켐스,KOSPI,32004,기타 화학제품 제조업,40878588,1000,40878588000
002900,TYM,KOSPI,32902,특수 목적용 기계 제조업,151987447,500,75993723500
024070,WISCOM,KOSPI,32202,플라스틱제품 제조업,15326438,500,7663219000
037270,YG PLUS,KOSPI,106301,"자료처리, 호스팅, 포털 및 기타 인터넷 정보매개 서비스업",63429410,500,32339705000
000500,가온전선,KOSPI,32803,절연선 및 케이블 제조업,4160347,5000,20801735000
000860,강남제비스코,KOSPI,32004,기타 화학제품 제조업,6500000,1000,6500000000
035250,강원랜드,KOSPI,189102,유원지 및 기타 오락관련 서비스업,213940500,500,106970250000
011420,갤럭시아에스엠,KOSPI,189101,스포츠 서비스업,27549644,500,13774822000
002100,경농,KOSPI,32003,"비료, 농약 및 살균, 살충제 제조업",19522575,500,10845875000
009450,경동나비엔,KOSPI,32805,가정용 기기 제조업,14568592,1000,14568592000
267290,경동도시가스,KOSPI,43502,연료용 가스 제조 및 배관공급업,5895406,2500,14738515000
012320,경동인베스트,KOSPI,116409,기타 금융업,2365023,5000,11825115000
000050,경방,KOSPI,74701,종합 소매업,27415270,500,13707635000
214390,경보제약,KOSPI,32101,기초 의약물질 및 생물학적 제제 제조업,23906860,500,11953430000
012610,경인양행,KOSPI,32001,기초 화학물질 제조업,41596365,500,20798182500
009140,경인전자,KOSPI,32602,전자부품 제조업,1570797,5000,7853985000
013580,계룡건설,KOSPI,64102,토목 건설업,8930907,5000,44654535000
012200,계양전기,KOSPI,32901,일반 목적용 기계 제조업,32600000,500,17000000000
002140,고려산업,KOSPI,31006,"곡물가공품, 전분 및 전분제품 제조업",24939425,1000,24939425000
010130,고려아연,KOSPI,32402,1차 비철금속 제조업,18870000,5000,94350000000
002240,고려제강,KOSPI,32401,1차 철강 제조업,23000000,1000,23000000000
009290,광동제약,KOSPI,32102,의약품 제조업,52420851,1000,52420851000
017040,광명전기,KOSPI,32801,"전동기, 발전기 및 전기 변환 · 공급 · 제어 장치 제조업",43337615,500,21668807500
017900,광전자,KOSPI,32601,반도체 제조업,57943763,500,28971881500
037710,광주신세계,KOSPI,74701,종합 소매업,8000000,1000,8000000000
030610,교보증권,KOSPI,116601,금융 지원 서비스업,64653296,5000,323266480000
339770,교촌에프앤비,KOSPI,74603,음·식료품 및 담배 도매업,24982540,500,12579150000
007690,국도화학,KOSPI,32001,기초 화학물질 제조업,9010616,5000,45053080000
005320,국동,KOSPI,74604,생활용품 도매업,55208808,500,27604404000
001140,국보,KOSPI,84903,도로 화물 운송업,69660070,500,34830035000
002720,국제약품,KOSPI,32102,의약품 제조업,20195149,1000,20195149000
083420,그린케미칼,KOSPI,32004,기타 화학제품 제조업,24000000,500,12000000000
014530,극동유화,KOSPI,31902,석유 정제품 제조업,34869420,500,17434710000
014280,금강공업,KOSPI,32401,1차 철강 제조업,29329357,1000,29919232000
008870,금비,KOSPI,32301,유리 및 유리제품 제조업,1000000,5000,5000000000
001570,금양,KOSPI,32001,기초 화학물질 제조업,49710590,500,24855295000
002990,금호건설,KOSPI,64101,건물 건설업,36633924,5000,184630950000
011780,금호석유,KOSPI,32001,기초 화학물질 제조업,30295844,5000,167455885000
214330,금호에이치티,KOSPI,33003,자동차 신품 부품 제조업,196590027,500,98295013500
001210,금호전기,KOSPI,32804,전구 및 조명장치 제조업,20861019,500,10430509500
073240,금호타이어,KOSPI,32201,고무제품 제조업,287260287,5000,1436301435000
092440,기신정기,KOSPI,32902,특수 목적용 기계 제조업,29200000,500,14600000000
000270,기아,KOSPI,33001,자동차용 엔진 및 자동차 제조업,405363347,5000,2139316735000
024110,기업은행,KOSPI,116401,은행 및 저축기관,744300587,5000,3721502935000
013700,까뮤이앤씨,KOSPI,64101,건물 건설업,45152280,500,22576140000
004540,깨끗한나라,KOSPI,31701,"펄프, 종이 및 판지 제조업",37240693,1000,37606853000
001260,남광토건,KOSPI,64102,토목 건설업,9829014,5000,49145070000
008350,남선알미늄,KOSPI,32402,1차 비철금속 제조업,110179090,500,55243490000
004270,남성,KOSPI,74607,기타 전문 도매업,36212160,500,18106080000
003920,남양유업,KOSPI,31005,낙농제품 및 식용빙과류 제조업,720000,5000,4433310000
025860,남해화학,KOSPI,32003,"비료, 농약 및 살균, 살충제 제조업",49678843,1000,49678843000
005720,넥센,KOSPI,32201,고무제품 제조업,53543977,500,28572288500
002350,넥센타이어,KOSPI,32201,고무제품 제조업,97667877,500,54083938500
251270,넷마블,KOSPI,105802,소프트웨어 개발 및 공급업,85953502,100,8595350200
090350,노루페인트,KOSPI,32004,기타 화학제품 제조업,20000000,500,10231563000
000320,노루홀딩스,KOSPI,116409,기타 금융업,13291151,500,8500200500
006280,녹십자,KOSPI,32102,의약품 제조업,11686538,5000,58432690000
005250,녹십자홀딩스,KOSPI,137105,회사 본부 및 경영 컨설팅 서비스업,47028210,500,25744900000
004370,농심,KOSPI,31007,기타 식품 제조업,6082642,5000,30413210000
072710,농심홀딩스,KOSPI,116409,기타 금융업,4637790,5000,23188950000
058730,다스코,KOSPI,32501,"구조용 금속제품, 탱크 및 증기발생기 제조업",16876561,500,8738280500
030210,다올투자증권,KOSPI,116601,금융 지원 서비스업,60314092,5000,301570460000
023590,다우기술,KOSPI,106301,"자료처리, 호스팅, 포털 및 기타 인터넷 정보매개 서비스업",44866617,500,22433308500
145210,다이나믹디자인,KOSPI,32902,특수 목적용 기계 제조업,158289246,500,79144623000
019680,대교,KOSPI,168501,초등 교육기관,84702850,500,52064920000
006370,대구백화점,KOSPI,74701,종합 소매업,10821611,5000,54108055000
008060,대덕,KOSPI,116409,기타 금융업,33890150,500,17551253500
353200,대덕전자,KOSPI,32602,전자부품 제조업,49416925,500,25756222000
000490,대동,KOSPI,32902,특수 목적용 기계 제조업,23728210,1000,23728210000
008110,대동전자,KOSPI,32604,통신 및 방송 장비 제조업,10490447,500,5245223500
005750,대림B&Co,KOSPI,32302,"내화, 비내화 요업제품 제조업",16672240,1000,16672240000
006570,대림통상,KOSPI,32509,기타 금속 가공제품 제조업,15225000,1000,16425000000
001680,대상,KOSPI,31007,기타 식품 제조업,34648025,1000,36018248000
084690,대상홀딩스,KOSPI,116409,기타 금융업,36212538,1000,37126020000
128820,대성산업,KOSPI,74707,연료 소매업,45235478,5000,226177390000
117580,대성에너지,KOSPI,43502,연료용 가스 제조 및 배관공급업,27500000,1000,27500000000
016710,대성홀딩스,KOSPI,137105,회사 본부 및 경영 컨설팅 서비스업,16089459,1000,16089459000
003540,대신증권,KOSPI,116601,금융 지원 서비스업,50773400,5000,434867000000
009190,대양금속,KOSPI,32401,1차 철강 제조업,32354764,500,16177382000
014160,대영포장,KOSPI,31702,"골판지, 종이 상자 및 종이용기 제조업",108394549,500,54197274500
047040,대우건설,KOSPI,64101,건물 건설업,415622638,5000,2078113190000
009320,대우부품,KOSPI,33003,자동차 신품 부품 제조업,47646375,500,23823187500
042660,대우조선해양,KOSPI,33101,선박 및 보트 건조업,107290669,5000,541453345000
003090,대웅,KOSPI,116409,기타 금융업,58141980,500,29070990000
069620,대웅제약,KOSPI,32102,의약품 제조업,11586575,2500,28966437500
000430,대원강업,KOSPI,33003,자동차 신품 부품 제조업,62000000,500,31000000000
006340,대원전선,KOSPI,32803,절연선 및 케이블 제조업,71016967,500,36819083500
003220,대원제약,KOSPI,32102,의약품 제조업,21842836,500,10921418000
024890,대원화성,KOSPI,32202,플라스틱제품 제조업,41249152,500,20624576000
002880,대유에이텍,KOSPI,33003,자동차 신품 부품 제조업,115094114,500,57547057000
000300,대유플러스,KOSPI,32604,통신 및 방송 장비 제조업,120998774,500,60499387000
012800,대창,KOSPI,32402,1차 비철금속 제조업,91140499,500,45570249500
015230,대창단조,KOSPI,33003,자동차 신품 부품 제조업,28572230,500,14286115000
001070,대한방직,KOSPI,31302,직물직조 및 직물제품 제조업,5300000,1000,5300000000
006650,대한유화,KOSPI,32001,기초 화학물질 제조업,6500000,5000,41000000000
001440,대한전선,KOSPI,32803,절연선 및 케이블 제조업,1244473009,100,124447300900
084010,대한제강,KOSPI,32401,1차 철강 제조업,24646734,1000,24646734000
001790,대한제당,KOSPI,31006,"곡물가공품, 전분 및 전분제품 제조업",89696580,500,48089670000
001130,대한제분,KOSPI,31006,"곡물가공품, 전분 및 전분제품 제조업",1690000,5000,8450000000
003490,대한항공,KOSPI,85101,항공 여객 운송업,347820825,5000,1744658095000
005880,대한해운,KOSPI,85001,해상 운송업,319177460,500,159588730000
003830,대한화섬,KOSPI,32005,화학섬유 제조업,1328000,5000,6640000000
016090,대현,KOSPI,31401,봉제의복 제조업,44282310,500,26906155000
069460,대호에이엘,KOSPI,32402,1차 비철금속 제조업,52003519,500,26001759500
192080,더블유게임즈,KOSPI,105802,소프트웨어 개발 및 공급업,18374502,500,9187251000
012510,더존비즈온,KOSPI,106201,"컴퓨터 프로그래밍, 시스템 통합 및 관리업",30382784,500,15191392000
004830,덕성,KOSPI,32202,플라스틱제품 제조업,15680000,500,8536000000
024900,덕양산업,KOSPI,33003,자동차 신품 부품 제조업,32564980,500,16282490000
145720,덴티움,KOSPI,32701,의료용 기기 제조업,11068830,500,6184415000
002150,도화엔지니어링,KOSPI,137201,"건축기술, 엔지니어링 및 관련 기술 서비스업",33720000,500,16860000000
001230,동국제강,KOSPI,32401,1차 철강 제조업,95432737,5000,589228035000
023450,동남합성,KOSPI,32001,기초 화학물질 제조업,3610000,500,3125564000
004140,동방,KOSPI,85209,기타 운송관련 서비스업,47971766,1000,47971766000
007590,동방아그로,KOSPI,32003,"비료, 농약 및 살균, 살충제 제조업",13617577,500,6808788500
005960,동부건설,KOSPI,64102,토목 건설업,22872976,5000,115493540000
026960,동서,KOSPI,74603,음·식료품 및 담배 도매업,99700000,500,49850000000
002210,동성제약,KOSPI,32102,의약품 제조업,26100970,1000,26100970000
102260,동성케미컬,KOSPI,137105,회사 본부 및 경영 컨설팅 서비스업,49689728,1000,49689728000
000640,동아쏘시오홀딩스,KOSPI,116409,기타 금융업,6348913,5000,31744565000
170900,동아에스티,KOSPI,32102,의약품 제조업,8446453,5000,42232265000
028100,동아지질,KOSPI,64201,기반조성 및 시설물 축조관련 전문공사업,14052646,500,7026323000
282690,동아타이어,KOSPI,32201,고무제품 제조업,13733015,500,6866507500
001520,동양,KOSPI,32303,"시멘트, 석회, 플라스터 및 그 제품 제조업",238684063,500,119850042500
084670,동양고속,KOSPI,84902,육상 여객 운송업,2895569,5000,16959295000
082640,동양생명,KOSPI,116501,보험업,161358585,5000,806792925000
008970,동양철관,KOSPI,32401,1차 철강 제조업,118885290,500,59442645000
092780,동양피스톤,KOSPI,33001,자동차용 엔진 및 자동차 제조업,13168460,500,6584230000
049770,동원F&B,KOSPI,31007,기타 식품 제조업,3859124,5000,19295620000
018500,동원금속,KOSPI,33003,자동차 신품 부품 제조업,46754933,500,23377466500
006040,동원산업,KOSPI,10301,어로 어업,3677641,5000,18388205000
030720,동원수산,KOSPI,10301,어로 어업,4653805,5000,23269025000
014820,동원시스템즈,KOSPI,32202,플라스틱제품 제조업,29188411,5000,147268845000
163560,동일고무벨트,KOSPI,32201,고무제품 제조업,13900000,500,6950000000
004890,동일산업,KOSPI,32401,1차 철강 제조업,2425215,5000,12126075000
002690,동일제강,KOSPI,32401,1차 철강 제조업,20300360,500,10150180000
000020,동화약품,KOSPI,32102,의약품 제조업,27931470,1000,27931470000
000150,두산,KOSPI,137105,회사 본부 및 경영 컨설팅 서비스업,16523835,5000,123738105000
241560,두산밥캣,KOSPI,32902,특수 목적용 기계 제조업,100249166,500,50124583000
034020,두산에너빌리티,KOSPI,32901,일반 목적용 기계 제조업,632071458,5000,3160357290000
336260,두산퓨얼셀,KOSPI,32801,"전동기, 발전기 및 전기 변환 · 공급 · 제어 장치 제조업",65493726,100,8184422600
016740,두올,KOSPI,33003,자동차 신품 부품 제조업,33066680,2500,82666700000
192650,드림텍,KOSPI,32602,전자부품 제조업,67173350,100,6902629800
024090,디씨엠,KOSPI,32401,1차 철강 제조업,11700000,500,6000000000
003160,디아이,KOSPI,32702,"측정, 시험, 항해, 제어 및 기타 정밀기기 제조업; 광학기기 제외",31496785,500,17248392500
092200,디아이씨,KOSPI,33003,자동차 신품 부품 제조업,38888569,500,19444284500
377190,디앤디플랫폼리츠,KOSPI,126801,부동산 임대 및 공급업,64400000,1000,64400000000
013570,디와이,KOSPI,116409,기타 금융업,26319633,500,13159816500
210540,디와이파워,KOSPI,32902,특수 목적용 기계 제조업,11041708,500,5520854000
007340,디티알오토모티브,KOSPI,32802,일차전지 및 축전지 제조업,9994005,500,4997002500
115390,락앤락,KOSPI,32202,플라스틱제품 제조업,51550414,500,27500000000
032350,롯데관광개발,KOSPI,147502,여행사 및 기타 여행보조 서비스업,71959664,500,35979832000
089860,롯데렌탈,KOSPI,147601,운송장비 임대업,36634063,5000,183170315000
330590,롯데리츠,KOSPI,126801,부동산 임대 및 공급업,242968884,500,121484442000
000400,롯데손해보험,KOSPI,116501,보험업,310336320,1000,310336320000
023530,롯데쇼핑,KOSPI,74701,종합 소매업,28288755,5000,141443775000
004000,롯데정밀화학,KOSPI,32001,기초 화학물질 제조업,25800000,5000,129000000000
286940,롯데정보통신,KOSPI,106201,"컴퓨터 프로그래밍, 시스템 통합 및 관리업",15396331,5000,76981655000
280360,롯데제과,KOSPI,31007,기타 식품 제조업,6416717,500,3208358500
004990,롯데지주,KOSPI,116409,기타 금융업,104909237,200,21179372000
005300,롯데칠성,KOSPI,31102,비알코올음료 및 얼음 제조업,9278884,500,5027097000
011170,롯데케미칼,KOSPI,32001,기초 화학물질 제조업,34275419,5000,171377095000
002270,롯데푸드,KOSPI,31005,낙농제품 및 식용빙과류 제조업,1209055,5000,6045275000
071840,롯데하이마트,KOSPI,74703,가전제품 및 정보통신장비 소매업,23607712,5000,118038560000
027740,마니커,KOSPI,31001,"도축, 육류 가공 및 저장 처리업",63511228,500,31755614000
204320,만도,KOSPI,33003,자동차 신품 부품 제조업,46957120,1000,46957120000
001080,만호제강,KOSPI,32401,1차 철강 제조업,4150000,1000,4150000000
088980,맥쿼리인프라,KOSPI,116402,신탁업 및 집합투자업,404845547,무액면,2448936527780
094800,맵스리얼티1,KOSPI,116402,신탁업 및 집합투자업,92834331,무액면,464171655000
138040,메리츠금융지주,KOSPI,116409,기타 금융업,131051294,500,71442909000
008560,메리츠증권,KOSPI,116601,금융 지원 서비스업,659790579,1000,681730579000
000060,메리츠화재,KOSPI,116501,보험업,120625000,500,60312500000
090370,메타랩스,KOSPI,31401,봉제의복 제조업,74523448,500,37261724000
017180,명문제약,KOSPI,32102,의약품 제조업,33953454,500,16976727000
009900,명신산업,KOSPI,33003,자동차 신품 부품 제조업,52470133,500,26235066500
012690,모나리자,KOSPI,31709,기타 종이 및 판지 제품 제조업,36571255,500,18885627500
005360,모나미,KOSPI,74604,생활용품 도매업,18897307,1000,18897307000
204210,모두투어리츠,KOSPI,126801,부동산 임대 및 공급업,7826815,5000,39134075000
009680,모토닉,KOSPI,33003,자동차 신품 부품 제조업,33000000,500,16500000000
009580,무림P&P,KOSPI,31701,"펄프, 종이 및 판지 제조업",62368324,2500,155920810000
009200,무림페이퍼,KOSPI,31701,"펄프, 종이 및 판지 제조업",41609310,2500,104023275000
033920,무학,KOSPI,31101,알코올음료 제조업,28500000,200,5700000000
008420,문배철강,KOSPI,32401,1차 철강 제조업,20503505,500,10251752500
025560,미래산업,KOSPI,32702,"측정, 시험, 항해, 제어 및 기타 정밀기기 제조업; 광학기기 제외",4452007,500,2226003500
007120,미래아이앤지,KOSPI,106201,"컴퓨터 프로그래밍, 시스템 통합 및 관리업",129484148,100,12948414800
396690,미래에셋글로벌리츠,KOSPI,126801,부동산 임대 및 공급업,29060000,1000,29060000000
357250,미래에셋맵스리츠,KOSPI,126801,부동산 임대 및 공급업,20100000,1000,20100000000
085620,미래에셋생명,KOSPI,116501,보험업,177016189,5000,885080945000
006800,미래에셋증권,KOSPI,116601,금융 지원 서비스업,615316408,5000,4101960790000
002840,미원상사,KOSPI,32004,기타 화학제품 제조업,4970000,500,6661780000
268280,미원에스씨,KOSPI,32001,기초 화학물질 제조업,5100000,500,2633945500
107590,미원홀딩스,KOSPI,116409,기타 금융업,2320000,500,1315887000
134380,미원화학,KOSPI,32004,기타 화학제품 제조업,2199268,1000,2404080000
003650,미창석유,KOSPI,31902,석유 정제품 제조업,1739672,5000,8698360000
155900,바다로19호,KOSPI,147601,운송장비 임대업,15200004,5000,76000020000
003610,방림,KOSPI,31302,직물직조 및 직물제품 제조업,42314090,500,21157045000
001340,백광산업,KOSPI,32001,기초 화학물질 제조업,44918407,500,22459203500
035150,백산,KOSPI,32202,플라스틱제품 제조업,24305000,500,14052500000
002410,범양건영,KOSPI,64101,건물 건설업,24831982,1000,24831982000
096300,베트남개발1,KOSPI,116402,신탁업 및 집합투자업,137680211,무액면,57825688620
007210,벽산,KOSPI,32309,기타 비금속 광물제품 제조업,68560000,500,34280000000
002760,보락,KOSPI,32004,기타 화학제품 제조업,59900000,200,11980000000
003850,보령,KOSPI,32102,의약품 제조업,68690000,500,34345000000
000890,보해양조,KOSPI,31101,알코올음료 제조업,138751579,500,69375789500
003000,부광약품,KOSPI,32102,의약품 제조업,71063049,500,36401993000
001270,부국증권,KOSPI,116601,금융 지원 서비스업,10369886,5000,66849430000
026940,부국철강,KOSPI,32401,1차 철강 제조업,20000000,500,10000000000
011390,부산산업,KOSPI,32303,"시멘트, 석회, 플라스터 및 그 제품 제조업",1056000,5000,5280000000
005030,부산주공,KOSPI,33003,자동차 신품 부품 제조업,65973604,500,32986802000
002070,비비안,KOSPI,31401,봉제의복 제조업,29793990,500,14896995000
100220,비상교육,KOSPI,105801,"서적, 잡지 및 기타 인쇄물 출판업",12996741,500,6498370500
030790,비케이탑스,KOSPI,106201,"컴퓨터 프로그래밍, 시스템 통합 및 관리업",15512514,500,7756257000
005180,빙그레,KOSPI,31005,낙농제품 및 식용빙과류 제조업,9851241,5000,49756205000
003960,사조대림,KOSPI,31002,수산물 가공 및 저장 처리업,9164467,5000,45822335000
008040,사조동아원,KOSPI,31006,"곡물가공품, 전분 및 전분제품 제조업",141144600,500,70572300000
007160,사조산업,KOSPI,10301,어로 어업,5000000,5000,25000000000
014710,사조씨푸드,KOSPI,31002,수산물 가공 및 저장 처리업,17218543,1000,17218543000
006090,사조오양,KOSPI,31002,수산물 가공 및 저장 처리업,9422739,5000,47113695000
001470,삼부토건,KOSPI,64102,토목 건설업,183557269,1000,183557269000
006400,삼성SDI,KOSPI,32802,일차전지 및 축전지 제조업,68764530,5000,356712130000
006660,삼성공조,KOSPI,33003,자동차 신품 부품 제조업,8126314,500,4063157000
028260,삼성물산,KOSPI,74607,기타 전문 도매업,186887081,100,18851450600
207940,삼성바이오로직스,KOSPI,32101,기초 의약물질 및 생물학적 제제 제조업,66165000,2500,165412500000
032830,삼성생명,KOSPI,116501,보험업,200000000,500,100000000000
018260,삼성에스디에스,KOSPI,106201,"컴퓨터 프로그래밍, 시스템 통합 및 관리업",77377800,500,38688900000
028050,삼성엔지니어링,KOSPI,137201,"건축기술, 엔지니어링 및 관련 기술 서비스업",196000000,5000,980000000000
009150,삼성전기,KOSPI,32602,전자부품 제조업,74693696,5000,388003400000
005930,삼성전자,KOSPI,32604,통신 및 방송 장비 제조업,5969782550,100,897513820000
001360,삼성제약,KOSPI,32102,의약품 제조업,67162079,500,33581039500
010140,삼성중공업,KOSPI,33101,선박 및 보트 건조업,880000000,1000,880114845000
016360,삼성증권,KOSPI,116601,금융 지원 서비스업,89300000,5000,458478080000
068290,삼성출판사,KOSPI,105801,"서적, 잡지 및 기타 인쇄물 출판업",10000000,500,5000000000
029780,삼성카드,KOSPI,116409,기타 금융업,115858891,5000,614794455000
000810,삼성화재,KOSPI,116501,보험업,47374837,500,26473418500
006110,삼아알미늄,KOSPI,32402,1차 비철금속 제조업,11000000,500,5500000000
145990,삼양사,KOSPI,31007,기타 식품 제조업,10313449,5000,53417595000
003230,삼양식품,KOSPI,31007,기타 식품 제조업,7533015,5000,37665075000
002170,삼양통상,KOSPI,31501,"가죽, 가방 및 유사제품 제조업",3000000,5000,15000000000
272550,삼양패키징,KOSPI,32202,플라스틱제품 제조업,15788671,5000,78943355000
000070,삼양홀딩스,KOSPI,116409,기타 금융업,8564271,5000,44341645000
002810,삼영무역,KOSPI,74607,기타 전문 도매업,18466948,500,9233474000
005680,삼영전자,KOSPI,32602,전자부품 제조업,20000000,500,10000000000
003720,삼영화학,KOSPI,32202,플라스틱제품 제조업,34000000,500,17000000000
023000,삼원강재,KOSPI,33003,자동차 신품 부품 제조업,40000000,500,20000000000
004380,삼익THK,KOSPI,32901,일반 목적용 기계 제조업,21000000,500,10500000000
002450,삼익악기,KOSPI,33302,악기 제조업,90530915,500,45265457500
004440,삼일씨엔에스,KOSPI,32303,"시멘트, 석회, 플라스터 및 그 제품 제조업",12731947,1000,12731947000
000520,삼일제약,KOSPI,32102,의약품 제조업,13701645,500,6850822500
009770,삼정펄프,KOSPI,31701,"펄프, 종이 및 판지 제조업",2499971,5000,12499855000
005500,삼진제약,KOSPI,32102,의약품 제조업,13900000,1000,13900000000
004690,삼천리,KOSPI,43502,연료용 가스 제조 및 배관공급업,4055025,5000,20275125000
010960,삼호개발,KOSPI,64201,기반조성 및 시설물 축조관련 전문공사업,25000000,500,12500000000
004450,삼화왕관,KOSPI,32509,기타 금속 가공제품 제조업,2154379,5000,10771895000
009470,삼화전기,KOSPI,32602,전자부품 제조업,6613820,1000,6613820000
011230,삼화전자,KOSPI,32605,영상 및 음향기기 제조업,10457940,1000,10457940000
001820,삼화콘덴서,KOSPI,32602,전자부품 제조업,10395000,1000,10395000000
000390,삼화페인트,KOSPI,32004,기타 화학제품 제조업,27203469,500,13601734500
001290,상상인증권,KOSPI,116601,금융 지원 서비스업,107456063,1000,108759539000
041650,상신브레이크,KOSPI,33003,자동차 신품 부품 제조업,21471450,500,10735725000
075180,새론오토모티브,KOSPI,33003,자동차 신품 부품 제조업,19200000,500,9600000000
007540,샘표,KOSPI,116409,기타 금융업,2875800,1000,2875800000
248170,샘표식품,KOSPI,31007,기타 식품 제조업,4568286,500,2284143000
007860,서연,KOSPI,116409,기타 금융업,23479844,500,11739922000
200880,서연이화,KOSPI,33003,자동차 신품 부품 제조업,27028437,500,13514218500
017390,서울가스,KOSPI,43502,연료용 가스 제조 및 배관공급업,5000000,5000,35000000000
004410,서울식품,KOSPI,31007,기타 식품 제조업,372316535,100,37454103500
021050,서원,KOSPI,32403,금속 주조업,47474590,500,23737295000
008490,서흥,KOSPI,32004,기타 화학제품 제조업,11569113,500,6084556500
136490,선진,KOSPI,31008,동물용 사료 및 조제식품 제조업,23779604,500,11889802000
014910,성문전자,KOSPI,32602,전자부품 제조업,19486857,500,10043428500
003080,성보화학,KOSPI,32003,"비료, 농약 및 살균, 살충제 제조업",20020000,500,10010000000
004980,성신양회,KOSPI,32303,"시멘트, 석회, 플라스터 및 그 제품 제조업",24516073,5000,128508590000
011300,성안,KOSPI,31302,직물직조 및 직물제품 제조업,56857860,500,28428930000
000180,성창기업지주,KOSPI,137105,회사 본부 및 경영 컨설팅 서비스업,69751600,500,36000000000
002420,세기상사,KOSPI,105901,"영화, 비디오물, 방송프로그램 제작 및 배급업",4276420,500,2138210000
004360,세방,KOSPI,84903,도로 화물 운송업,19308690,500,11498970000
004490,세방전지,KOSPI,32802,일차전지 및 축전지 제조업,14000000,500,7000000000
001430,세아베스틸지주,KOSPI,32401,1차 철강 제조업,35862119,5000,219310595000
306200,세아제강,KOSPI,32401,1차 철강 제조업,2836300,5000,14181500000
003030,세아제강지주,KOSPI,116409,기타 금융업,4141657,5000,20708285000
019440,세아특수강,KOSPI,32401,1차 철강 제조업,8570000,5000,42850000000
058650,세아홀딩스,KOSPI,32401,1차 철강 제조업,4000000,5000,20000000000
013000,세우글로벌,KOSPI,74607,기타 전문 도매업,28705031,500,14352515500
091090,세원이앤씨,KOSPI,32501,"구조용 금속제품, 탱크 및 증기발생기 제조업",155837823,500,77918911500
021820,세원정공,KOSPI,33003,자동차 신품 부품 제조업,10000000,500,5000000000
067830,세이브존I&C,KOSPI,74701,종합 소매업,41040895,1000,41040895000
033530,세종공업,KOSPI,33003,자동차 신품 부품 제조업,27820961,500,13910480500
075580,세진중공업,KOSPI,33101,선박 및 보트 건조업,56849456,500,31224728000
027970,세하,KOSPI,31701,"펄프, 종이 및 판지 제조업",57562997,1000,57562997000
308170,센트랄모텍,KOSPI,33003,자동차 신품 부품 제조업,8610000,500,4305000000
068270,셀트리온,KOSPI,32101,기초 의약물질 및 생물학적 제제 제조업,140688010,1000,140688010000
336370,솔루스첨단소재,KOSPI,32602,전자부품 제조업,30589758,100,3960220800
248070,솔루엠,KOSPI,32602,전자부품 제조업,50005551,500,25002775500
004430,송원산업,KOSPI,32004,기타 화학제품 제조업,24000000,500,12000000000
017550,수산중공업,KOSPI,32902,특수 목적용 기계 제조업,53985163,500,26992581500
053210,스카이라이프,KOSPI,106002,텔레비전 방송업,47821966,2500,119554915000
026890,스틱인베스트먼트,KOSPI,116402,신탁업 및 집합투자업,41678175,500,20839087500
134790,시디즈,KOSPI,33201,가구 제조업,2000000,500,1000000000
016590,신대양제지,KOSPI,31702,"골판지, 종이 상자 및 종이용기 제조업",4029782,5000,20148910000
029530,신도리코,KOSPI,32603,컴퓨터 및 주변장치 제조업,10080029,5000,50400145000
004970,신라교역,KOSPI,10301,어로 어업,16000000,500,8000000000
011930,신성이엔지,KOSPI,32601,반도체 제조업,205848151,500,103034075500
005390,신성통상,KOSPI,74607,기타 전문 도매업,143708390,500,71854195000
004170,신세계,KOSPI,74701,종합 소매업,9845181,5000,49225905000
035510,신세계 I&C,KOSPI,106201,"컴퓨터 프로그래밍, 시스템 통합 및 관리업",17200000,500,8600000000
034300,신세계건설,KOSPI,64101,건물 건설업,4000000,5000,20000000000
031430,신세계인터내셔날,KOSPI,74704,"섬유, 의복, 신발 및 가죽제품 소매업",35700000,1000,35700000000
031440,신세계푸드,KOSPI,95601,음식점업,3872480,5000,19362400000
006880,신송홀딩스,KOSPI,74602,산업용 농·축산물 및 동·식물 도매업,11828858,500,5914429000
005800,신영와코루,KOSPI,31401,봉제의복 제조업,9000000,500,4500000000
001720,신영증권,KOSPI,116601,금융 지원 서비스업,9386237,5000,82200000000
009270,신원,KOSPI,31401,봉제의복 제조업,95568813,500,47829776500
002700,신일전자,KOSPI,74605,기계장비 및 관련 물품 도매업,71047521,500,35523760500
019170,신풍제약,KOSPI,32102,의약품 제조업,52984990,500,27592495000
002870,신풍제지,KOSPI,31701,"펄프, 종이 및 판지 제조업",34958700,500,17479350000
404990,신한서부티엔디리츠,KOSPI,126801,부동산 임대 및 공급업,55955884,1000,55955884000
293940,신한알파리츠,KOSPI,126801,부동산 임대 및 공급업,52330123,1000,52330123000
055550,신한지주,KOSPI,116409,기타 금융업,516599554,5000,2608176060000
004080,신흥,KOSPI,74605,기계장비 및 관련 물품 도매업,9500000,500,6733070000
102280,쌍방울,KOSPI,31401,봉제의복 제조업,262592129,500,131296064500
003410,쌍용C&E,KOSPI,32303,"시멘트, 석회, 플라스터 및 그 제품 제조업",503859595,100,50385959500
004770,써니전자,KOSPI,32602,전자부품 제조업,34845011,500,18372505500
004920,씨아이테크,KOSPI,33309,그외 기타 제품 제조업,39951719,500,19975859500
112610,씨에스윈드,KOSPI,32501,"구조용 금속제품, 탱크 및 증기발생기 제조업",42171403,500,21085701500
008700,아남전자,KOSPI,32605,영상 및 음향기기 제조업,77124820,500,38562410000
002790,아모레G,KOSPI,32004,기타 화학제품 제조업,82458180,500,47997075000
090430,아모레퍼시픽,KOSPI,32004,기타 화학제품 제조업,58492759,500,34525294500
002030,아세아,KOSPI,137105,회사 본부 및 경영 컨설팅 서비스업,2191024,5000,10955120000
183190,아세아시멘트,KOSPI,32303,"시멘트, 석회, 플라스터 및 그 제품 제조업",38958090,500,19479045000
002310,아세아제지,KOSPI,31702,"골판지, 종이 상자 및 종이용기 제조업",8956502,5000,44782510000
012170,아센디오,KOSPI,105901,"영화, 비디오물, 방송프로그램 제작 및 배급업",80509196,500,40254598000
267850,아시아나IDT,KOSPI,106201,"컴퓨터 프로그래밍, 시스템 통합 및 관리업",11100000,500,5550000000
020560,아시아나항공,KOSPI,85101,항공 여객 운송업,74411764,5000,372058820000
122900,아이마켓코리아,KOSPI,74608,상품 종합 도매업,33428840,500,18166670000
010780,아이에스동서,KOSPI,32302,"내화, 비내화 요업제품 제조업",30892606,500,15446303000
139990,아주스틸,KOSPI,32401,1차 철강 제조업,26452189,500,13226094500
001780,알루코,KOSPI,32402,1차 비철금속 제조업,89791232,500,44895616000
018250,애경산업,KOSPI,32004,기타 화학제품 제조업,26409935,1000,26409935000
161000,애경케미칼,KOSPI,32001,기초 화학물질 제조업,48648709,500,24324354500
011090,에넥스,KOSPI,33201,가구 제조업,59991641,500,29995820500
137310,에스디바이오센서,KOSPI,32701,의료용 기기 제조업,103271353,500,51635676500
005850,에스엘,KOSPI,33003,자동차 신품 부품 제조업,48203277,500,24101638500
010580,에스엠벡셀,KOSPI,33003,자동차 신품 부품 제조업,111251760,500,55625880000
012750,에스원,KOSPI,147503,"경비, 경호 및 탐정업",37999178,500,18999589000
023960,에쓰씨엔지니어링,KOSPI,64102,토목 건설업,31121109,500,15560554500
298690,에어부산,KOSPI,85101,항공 여객 운송업,193920000,1000,193920000000
140910,에이리츠,KOSPI,126801,부동산 임대 및 공급업,4463032,5000,22315160000
078520,에이블씨엔씨,KOSPI,32004,기타 화학제품 제조업,27033459,500,13516729500
015260,에이엔피,KOSPI,32602,전자부품 제조업,22336409,500,11168204500
007460,에이프로젠 MED,KOSPI,32509,기타 금속 가공제품 제조업,205111270,500,102555635000
003060,에이프로젠제약,KOSPI,32102,의약품 제조업,398575767,500,199287883500
244920,에이플러스에셋,KOSPI,116602,보험 및 연금관련 서비스업,22607693,500,11303846500
036570,엔씨소프트,KOSPI,105802,소프트웨어 개발 및 공급업,21954022,500,10977011000
085310,엔케이,KOSPI,32501,"구조용 금속제품, 탱크 및 증기발생기 제조업",79983352,500,39991676000
900140,엘브이엠씨홀딩스,KOSPI,74501,자동차 판매업,99455297,0.25,24863824
097520,엠씨넥스,KOSPI,32605,영상 및 음향기기 제조업,17974932,500,9117163000
014440,영보화학,KOSPI,32202,플라스틱제품 제조업,20000000,500,10000000000
111770,영원무역,KOSPI,74608,상품 종합 도매업,44311468,500,22155734000
009970,영원무역홀딩스,KOSPI,116409,기타 금융업,13635592,500,6817796000
003520,영진약품,KOSPI,32102,의약품 제조업,182892731,500,91446365500
000670,영풍,KOSPI,32402,1차 비철금속 제조업,1842040,5000,9210200000
006740,영풍제지,KOSPI,31702,"골판지, 종이 상자 및 종이용기 제조업",22200000,500,11100000000
012280,영화금속,KOSPI,33003,자동차 신품 부품 제조업,53394505,500,27569082500
012160,영흥,KOSPI,32401,1차 철강 제조업,101310372,500,50655186000
015360,예스코홀딩스,KOSPI,116409,기타 금융업,6000000,5000,30000000000
007310,오뚜기,KOSPI,31007,기타 식품 제조업,3671981,5000,18359905000
002630,오리엔트바이오,KOSPI,32102,의약품 제조업,118583005,500,59291502500
271560,오리온,KOSPI,31007,기타 식품 제조업,39536132,500,19768066000
001800,오리온홀딩스,KOSPI,116409,기타 금융업,62645422,500,31322711000
011690,와이투솔루션,KOSPI,32601,반도체 제조업,159235637,500,79617818500
070960,용평리조트,KOSPI,95501,일반 및 생활 숙박시설 운영업,48133333,5000,240666665000
316140,우리금융지주,KOSPI,116409,기타 금융업,728060549,5000,3640302745000
010050,우리종금,KOSPI,116409,기타 금융업,874203406,500,437101703000
006980,우성,KOSPI,31006,"곡물가공품, 전분 및 전분제품 제조업",3090000,5000,15450000000
017370,우신시스템,KOSPI,32902,특수 목적용 기계 제조업,18314054,500,9157027000
105840,우진,KOSPI,32702,"측정, 시험, 항해, 제어 및 기타 정밀기기 제조업; 광학기기 제외",20323614,500,10161807000
010400,우진아이엔에스,KOSPI,64202,건물설비 설치 공사업,7622000,500,3811000000
049800,우진플라임,KOSPI,32902,특수 목적용 기계 제조업,20000000,500,10000000000
016880,웅진,KOSPI,116409,기타 금융업,79927080,500,42213540000
095720,웅진씽크빅,KOSPI,168501,초등 교육기관,115505985,500,58700796000
005820,원림,KOSPI,31302,직물직조 및 직물제품 제조업,2297970,5000,11489850000
010600,웰바이오텍,KOSPI,74601,상품 중개업,60558120,500,30279060000
008600,윌비스,KOSPI,74604,생활용품 도매업,67236039,1000,72882179000
033270,유나이티드제약,KOSPI,32102,의약품 제조업,16244822,500,8122411000
014830,유니드,KOSPI,32001,기초 화학물질 제조업,8889843,5000,44449215000
000910,유니온,KOSPI,32303,"시멘트, 석회, 플라스터 및 그 제품 제조업",15611619,500,7805809500
047400,유니온머티리얼,KOSPI,32302,"내화, 비내화 요업제품 제조업",42000000,500,21000000000
011330,유니켐,KOSPI,31501,"가죽, 가방 및 유사제품 제조업",72688462,500,36344231000
077500,유니퀘스트,KOSPI,74605,기계장비 및 관련 물품 도매업,27342975,500,13671487500
002920,유성기업,KOSPI,33003,자동차 신품 부품 제조업,25947500,500,12973750000
000700,유수홀딩스,KOSPI,137105,회사 본부 및 경영 컨설팅 서비스업,26041812,2500,65104530000
003470,유안타증권,KOSPI,116601,금융 지원 서비스업,199596576,5000,1062543940000
072130,유엔젤,KOSPI,106301,"자료처리, 호스팅, 포털 및 기타 인터넷 정보매개 서비스업",13195454,500,6597727000
000220,유유제약,KOSPI,32102,의약품 제조업,17232351,1000,20201681000
001200,유진투자증권,KOSPI,116601,금융 지원 서비스업,96866418,5000,537592090000
000100,유한양행,KOSPI,32102,의약품 제조업,73231476,1000,74412416000
003460,유화증권,KOSPI,116601,금융 지원 서비스업,56702415,1000,74178840000
008730,율촌화학,KOSPI,32202,플라스틱제품 제조업,24800000,500,14776380000
008250,이건산업,KOSPI,31602,나무제품 제조업,10952635,5000,54763175000
025820,이구산업,KOSPI,32402,1차 비철금속 제조업,33442000,500,16721000000
214320,이노션,KOSPI,137103,광고업,20000000,500,10000000000
088260,이리츠코크렙,KOSPI,126801,부동산 임대 및 공급업,63341590,500,31670795000
139480,이마트,KOSPI,74701,종합 소매업,27875819,5000,139379095000
007660,이수페타시스,KOSPI,32602,전자부품 제조업,63246419,1000,63246419000
005950,이수화학,KOSPI,32001,기초 화학물질 제조업,27959544,5000,139797720000
015020,이스타코,KOSPI,126801,부동산 임대 및 공급업,42851600,500,21425800000
093230,이아이디,KOSPI,74607,기타 전문 도매업,940724905,200,188144981000
074610,이엔플러스,KOSPI,32901,일반 목적용 기계 제조업,55801252,500,27900626000
102460,이연제약,KOSPI,32102,의약품 제조업,17998577,500,8999288500
084680,이월드,KOSPI,33301,귀금속 및 장신용품 제조업,141806193,1000,141806193000
350520,이지스레지던스리츠,KOSPI,126801,부동산 임대 및 공급업,20600000,1000,20600000000
334890,이지스밸류리츠,KOSPI,126801,부동산 임대 및 공급업,30872852,1000,30872852000
000760,이화산업,KOSPI,74607,기타 전문 도매업,2800000,5000,14000000000
014990,인디에프,KOSPI,31401,봉제의복 제조업,70712995,500,35356497500
101140,인바이오젠,KOSPI,74604,생활용품 도매업,53396820,500,26698410000
006490,인스코비,KOSPI,106102,전기 통신업,109848100,500,54924050000
023800,인지컨트롤스,KOSPI,33003,자동차 신품 부품 제조업,15333213,500,7666606500
034590,인천도시가스,KOSPI,43502,연료용 가스 제조 및 배관공급업,4374754,5000,21873770000
129260,인터지스,KOSPI,84903,도로 화물 운송업,29747874,500,14873937000
023810,인팩,KOSPI,33003,자동차 신품 부품 제조업,10000000,500,5000000000
249420,일동제약,KOSPI,32102,의약품 제조업,26803285,1000,26803285000
000230,일동홀딩스,KOSPI,32102,의약품 제조업,11540400,1000,11540400000
013360,일성건설,KOSPI,64102,토목 건설업,54024880,500,27012440000
003120,일성신약,KOSPI,32102,의약품 제조업,2660000,5000,13300000000
003200,일신방직,KOSPI,31301,방적 및 가공사 제조업,2400000,5000,12000000000
007110,일신석재,KOSPI,74606,"건축자재, 철물 및 난방장치 도매업",77456610,500,38728305000
007570,일양약품,KOSPI,32102,의약품 제조업,19085664,2500,48826860000
081000,일진다이아,KOSPI,32004,기타 화학제품 제조업,14202975,1000,14202975000
020760,일진디스플,KOSPI,32601,반도체 제조업,51513741,500,25756870500
020150,일진머티리얼즈,KOSPI,32602,전자부품 제조업,46110835,500,23055417500
103590,일진전기,KOSPI,32803,절연선 및 케이블 제조업,37080390,1000,37080390000
271940,일진하이솔루스,KOSPI,33109,그외 기타 운송장비 제조업,36313190,500,18156595000
015860,일진홀딩스,KOSPI,116409,기타 금융업,49347483,1000,49852615000
226320,잇츠한불,KOSPI,32004,기타 화학제품 제조업,21929315,500,10964657500
317400,자이에스앤디,KOSPI,126801,부동산 임대 및 공급업,38782520,1000,38782520000
033240,자화전자,KOSPI,32602,전자부품 제조업,17900000,500,8950000000
000950,전방,KOSPI,31301,방적 및 가공사 제조업,1680000,5000,8400000000
348950,제이알글로벌리츠,KOSPI,126801,부동산 임대 및 공급업,165600000,1000,165600000000
194370,제이에스코퍼레이션,KOSPI,31501,"가죽, 가방 및 유사제품 제조업",13335601,100,1333560100
025620,제이준코스메틱,KOSPI,32004,기타 화학제품 제조업,74422604,500,37211302000
030000,제일기획,KOSPI,137103,광고업,115041225,200,23008245000
271980,제일약품,KOSPI,32102,의약품 제조업,14704872,500,7352436000
001560,제일연마,KOSPI,32309,기타 비금속 광물제품 제조업,10000000,500,5000000000
002620,제일파마홀딩스,KOSPI,137105,회사 본부 및 경영 컨설팅 서비스업,15973355,500,7986677500
006220,제주은행,KOSPI,116401,은행 및 저축기관,32128774,5000,160643870000
089590,제주항공,KOSPI,85101,항공 여객 운송업,49759668,1000,49759668000
004910,조광페인트,KOSPI,32004,기타 화학제품 제조업,12800000,500,6400000000
004700,조광피혁,KOSPI,31501,"가죽, 가방 및 유사제품 제조업",6649138,5000,34245690000
001550,조비,KOSPI,32003,"비료, 농약 및 살균, 살충제 제조업",5192239,5000,25961195000
000480,조선내화,KOSPI,32302,"내화, 비내화 요업제품 제조업",4000000,5000,20000000000
120030,조선선재,KOSPI,32509,기타 금속 가공제품 제조업,1257651,500,628825500
018470,조일알미늄,KOSPI,32402,1차 비철금속 제조업,124331721,500,62165860500
002600,조흥,KOSPI,31007,기타 식품 제조업,600000,5000,3000000000
185750,종근당,KOSPI,32102,의약품 제조업,11988038,2500,29970095000
063160,종근당바이오,KOSPI,32102,의약품 제조업,5485962,2500,13714905000
001630,종근당홀딩스,KOSPI,32102,의약품 제조업,5009861,2500,12524652500
044380,주연테크,KOSPI,32603,컴퓨터 및 주변장치 제조업,59199244,200,11839848800
013890,지누스,KOSPI,33201,가구 제조업,15800450,500,7900225000
013870,지엠비코리아,KOSPI,33003,자동차 신품 부품 제조업,19072280,500,9536140000
071320,지역난방공사,KOSPI,43503,"증기, 냉·온수 및 공기조절 공급업",11578744,5000,57893720000
035000,지투알,KOSPI,137105,회사 본부 및 경영 컨설팅 서비스업,16567409,1000,17571493000
088790,진도,KOSPI,74607,기타 전문 도매업,12447744,500,6223872000
003780,진양산업,KOSPI,32202,플라스틱제품 제조업,13000000,500,6500000000
010640,진양폴리,KOSPI,32202,플라스틱제품 제조업,10000000,500,5000000000
100250,진양홀딩스,KOSPI,32202,플라스틱제품 제조업,55895292,500,27947646000
051630,진양화학,KOSPI,32202,플라스틱제품 제조업,12000000,500,6000000000
272450,진에어,KOSPI,85101,항공 여객 운송업,52200000,1000,52200000000
011000,진원생명과학,KOSPI,32102,의약품 제조업,77678502,1000,77678502000
002780,진흥기업,KOSPI,64102,토목 건설업,145471745,500,73311885500
009310,참엔지니어링,KOSPI,32902,특수 목적용 기계 제조업,57621580,500,29235788500
000650,천일고속,KOSPI,84902,육상 여객 운송업,1429220,5000,7146100000
033250,체시스,KOSPI,33003,자동차 신품 부품 제조업,32000000,500,16000000000
118000,초록뱀헬스케어,KOSPI,74605,기계장비 및 관련 물품 도매업,84704985,500,42352492500
035720,카카오,KOSPI,106301,"자료처리, 호스팅, 포털 및 기타 인터넷 정보매개 서비스업",446270406,100,44677040600
323410,카카오뱅크,KOSPI,116401,은행 및 저축기관,476196437,5000,2380982185000
377300,카카오페이,KOSPI,116601,금융 지원 서비스업,132438691,500,66219345500
006380,카프로,KOSPI,32001,기초 화학물질 제조업,40000000,500,20000000000
109070,컨버즈,KOSPI,32604,통신 및 방송 장비 제조업,17549275,500,8774637500
001620,케이비아이동국실업,KOSPI,33003,자동차 신품 부품 제조업,87286004,500,43643002000
029460,케이씨,KOSPI,32702,"측정, 시험, 항해, 제어 및 기타 정밀기기 제조업; 광학기기 제외",13554044,500,6777022000
281820,케이씨텍,KOSPI,32702,"측정, 시험, 항해, 제어 및 기타 정밀기기 제조업; 광학기기 제외",20861556,500,10430778000
381970,케이카,KOSPI,74501,자동차 판매업,48086533,500,24043266500
145270,케이탑리츠,KOSPI,126801,부동산 임대 및 공급업,48060774,1000,48060774000
417310,코람코더원리츠,KOSPI,126801,부동산 임대 및 공급업,40400000,500,20200000000
357120,코람코에너지리츠,KOSPI,126801,부동산 임대 및 공급업,69620000,500,34810000000
007810,코리아써키트,KOSPI,32602,전자부품 제조업,23620751,500,13684570000
003690,코리안리,KOSPI,116502,재 보험업,120369116,500,60184558000
192820,코스맥스,KOSPI,32004,기타 화학제품 제조업,11349509,500,5674754500
044820,코스맥스비티아이,KOSPI,116409,기타 금융업,9603921,500,4801960500
005070,코스모신소재,KOSPI,32004,기타 화학제품 제조업,30086889,1000,30086889000
005420,코스모화학,KOSPI,32004,기타 화학제품 제조업,27860157,1000,27860157000
071950,코아스,KOSPI,33201,가구 제조업,30907210,500,15453605000
002020,코오롱,KOSPI,116409,기타 금융업,12626426,5000,68514080000
003070,코오롱글로벌,KOSPI,64102,토목 건설업,25210438,5000,127616205000
120110,코오롱인더,KOSPI,32005,화학섬유 제조업,27519091,5000,151434755000
138490,코오롱플라스틱,KOSPI,32002,합성고무 및 플라스틱 물질 제조업,38000000,1000,38000000000
021240,코웨이,KOSPI,199609,그외 기타 개인 서비스업,73799619,500,40662398000
036420,콘텐트리중앙,KOSPI,105901,"영화, 비디오물, 방송프로그램 제작 및 배급업",19072598,5000,95362990000
031820,콤텍시스템,KOSPI,106201,"컴퓨터 프로그래밍, 시스템 통합 및 관리업",121051466,500,60525733000
192400,쿠쿠홀딩스,KOSPI,116409,기타 금융업,35562185,100,3556218500
284740,쿠쿠홈시스,KOSPI,147602,개인 및 가정용품 임대업,22437330,100,2243733000
015590,큐로,KOSPI,32901,일반 목적용 기계 제조업,231211638,500,115605819000
264900,크라운제과,KOSPI,31007,기타 식품 제조업,12523850,200,2659482000
005740,크라운해태홀딩스,KOSPI,116409,기타 금융업,14847347,500,7724036500
259960,크래프톤,KOSPI,105802,소프트웨어 개발 및 공급업,49072045,100,4907204500
020120,키다리스튜디오,KOSPI,106301,"자료처리, 호스팅, 포털 및 기타 인터넷 정보매개 서비스업",36511296,500,18255648000
039490,키움증권,KOSPI,116601,금융 지원 서비스업,26219513,5000,131097565000
014580,태경비케이,KOSPI,32303,"시멘트, 석회, 플라스터 및 그 제품 제조업",27583100,500,13791550000
015890,태경산업,KOSPI,32001,기초 화학물질 제조업,29228750,500,14614375000
006890,태경케미컬,KOSPI,32001,기초 화학물질 제조업,11600000,500,5800000000
003240,태광산업,KOSPI,32005,화학섬유 제조업,1113400,5000,5567000000
011280,태림포장,KOSPI,31702,"골판지, 종이 상자 및 종이용기 제조업",70805940,500,35402970000
004100,태양금속,KOSPI,33003,자동차 신품 부품 제조업,36700000,500,20000000000
009410,태영건설,KOSPI,64102,토목 건설업,38899098,500,20100620000
001420,태원물산,KOSPI,33003,자동차 신품 부품 제조업,7600000,500,3800000000
007980,태평양물산,KOSPI,31401,봉제의복 제조업,48149587,500,24955871000
055490,테이팩스,KOSPI,32202,플라스틱제품 제조업,4717650,500,3771825000
078000,텔코웨어,KOSPI,106301,"자료처리, 호스팅, 포털 및 기타 인터넷 정보매개 서비스업",9702706,500,5026353000
214420,토니모리,KOSPI,32004,기타 화학제품 제조업,24054799,200,4810959800
019180,티에이치엔,KOSPI,32809,기타 전기장비 제조업,18000000,500,9000000000
363280,티와이홀딩스,KOSPI,116409,기타 금융업,50929268,500,26092303000
091810,티웨이항공,KOSPI,85101,항공 여객 운송업,110330279,500,55165139500
004870,티웨이홀딩스,KOSPI,32303,"시멘트, 석회, 플라스터 및 그 제품 제조업",109472167,500,54736083500
005690,파미셀,KOSPI,32101,기초 의약물질 및 생물학적 제제 제조업,59958950,500,29979475000
036580,팜스코,KOSPI,31006,"곡물가공품, 전분 및 전분제품 제조업",36727943,500,18363971500
004720,팜젠사이언스,KOSPI,32102,의약품 제조업,15477041,500,7738520500
028670,팬오션,KOSPI,85001,해상 운송업,534569512,1000,534569512000
010820,퍼스텍,KOSPI,32502,무기 및 총포탄 제조업,48061460,500,24030730000
016800,퍼시스,KOSPI,33201,가구 제조업,11500000,1000,14300000000
001020,페이퍼코리아,KOSPI,31701,"펄프, 종이 및 판지 제조업",43647068,500,21823534000
090080,평화산업,KOSPI,33003,자동차 신품 부품 제조업,54902259,500,27451129500
010770,평화홀딩스,KOSPI,33003,자동차 신품 부품 제조업,14625466,500,7312733000
058430,포스코스틸리온,KOSPI,32401,1차 철강 제조업,6000000,5000,30000000000
047050,포스코인터내셔널,KOSPI,74601,상품 중개업,123375149,5000,616875745000
003670,포스코케미칼,KOSPI,32302,"내화, 비내화 요업제품 제조업",77463220,500,38731610000
017810,풀무원,KOSPI,31007,기타 식품 제조업,38120542,500,19060271000
103140,풍산,KOSPI,32402,1차 비철금속 제조업,28024278,5000,140121390000
005810,풍산홀딩스,KOSPI,116409,기타 금융업,10409528,5000,61405695000
950210,프레스티지바이오파마,KOSPI,137001,자연과학 및 공학 연구개발업,60096155,무액면,0
009810,플레이그램,KOSPI,74607,기타 전문 도매업,89717066,100,8971706600
086790,하나금융지주,KOSPI,116409,기타 금융업,300242062,5000,1501210310000
293480,하나제약,KOSPI,32102,의약품 제조업,17772946,500,8886473000
039130,하나투어,KOSPI,147502,여행사 및 기타 여행보조 서비스업,13939185,500,6969592500
352820,하이브,KOSPI,105902,오디오물 출판 및 원판 녹음업,41353387,500,20676693500
071090,하이스틸,KOSPI,32401,1차 철강 제조업,19999440,500,9999720000
000080,하이트진로,KOSPI,31101,알코올음료 제조업,70133611,5000,368818745000
000140,하이트진로홀딩스,KOSPI,116409,기타 금융업,23206765,5000,118387875000
152550,한국ANKOR유전,KOSPI,116402,신탁업 및 집합투자업,70020000,무액면,350100000000
036460,한국가스공사,KOSPI,43502,연료용 가스 제조 및 배관공급업,92313000,5000,461565000000
005430,한국공항,KOSPI,85209,기타 운송관련 서비스업,3166355,5000,15831775000
071050,한국금융지주,KOSPI,116409,기타 금융업,55725992,5000,307921215000
010040,한국내화,KOSPI,32302,"내화, 비내화 요업제품 제조업",41067062,500,20533531000
025540,한국단자,KOSPI,32801,"전동기, 발전기 및 전기 변환 · 공급 · 제어 장치 제조업",10415000,500,5207500000
004090,한국석유,KOSPI,32309,기타 비금속 광물제품 제조업,12694120,500,6347060000
002200,한국수출포장,KOSPI,31702,"골판지, 종이 상자 및 종이용기 제조업",4000000,5000,20000000000
002960,한국쉘석유,KOSPI,31902,석유 정제품 제조업,1300000,5000,7000000000
000240,한국앤컴퍼니,KOSPI,116409,기타 금융업,94935240,500,47467620000
123890,한국자산신탁,KOSPI,116402,신탁업 및 집합투자업,123977752,500,61988876000
015760,한국전력,KOSPI,43501,전기업,641964077,5000,3209820385000
006200,한국전자홀딩스,KOSPI,116409,기타 금융업,46803136,500,23401568000
009540,한국조선해양,KOSPI,33101,선박 및 보트 건조업,70773116,5000,353865580000
023350,한국종합기술,KOSPI,137201,"건축기술, 엔지니어링 및 관련 기술 서비스업",10950000,500,5475000000
025890,한국주강,KOSPI,32902,특수 목적용 기계 제조업,11309259,500,5654629500
000970,한국주철관,KOSPI,32401,1차 철강 제조업,22800500,500,12000000000
104700,한국철강,KOSPI,32401,1차 철강 제조업,42450000,1000,46050000000
017960,한국카본,KOSPI,32501,"구조용 금속제품, 탱크 및 증기발생기 제조업",43960757,500,21980378500
161890,한국콜마,KOSPI,32004,기타 화학제품 제조업,22881180,500,11440590000
024720,한국콜마홀딩스,KOSPI,116409,기타 금융업,18576719,500,9288359500
161390,한국타이어앤테크놀로지,KOSPI,32201,고무제품 제조업,123875069,500,61937534500
034830,한국토지신탁,KOSPI,116402,신탁업 및 집합투자업,252489230,1000,252489230000
007280,한국특강,KOSPI,32401,1차 철강 제조업,60244432,500,30122216000
168490,한국패러랠,KOSPI,116402,신탁업 및 집합투자업,80020000,무액면,400100000000
010100,한국프랜지,KOSPI,33003,자동차 신품 부품 제조업,30450420,1000,30450420000
047810,한국항공우주,KOSPI,33103,"항공기,우주선 및 부품 제조업",97475107,5000,487375535000
123690,한국화장품,KOSPI,74604,생활용품 도매업,16068000,500,8034000000
003350,한국화장품제조,KOSPI,32004,기타 화학제품 제조업,4532000,500,2266000000
011500,한농화성,KOSPI,32004,기타 화학제품 제조업,15637042,500,7818521000
002390,한독,KOSPI,32102,의약품 제조업,13763533,500,6881766500
014790,한라,KOSPI,64102,토목 건설업,37858601,5000,194374710000
060980,한라홀딩스,KOSPI,116409,기타 금융업,10472070,5000,55086180000
053690,한미글로벌,KOSPI,137201,"건축기술, 엔지니어링 및 관련 기술 서비스업",10957550,500,5478775000
042700,한미반도체,KOSPI,32902,특수 목적용 기계 제조업,98919754,100,12716420500
008930,한미사이언스,KOSPI,116409,기타 금융업,68623684,500,34311842000
128940,한미약품,KOSPI,32102,의약품 제조업,12317971,2500,30794927500
009240,한샘,KOSPI,74604,생활용품 도매업,23533928,1000,23533928000
020000,한섬,KOSPI,31401,봉제의복 제조업,24630000,500,12315000000
003680,한성기업,KOSPI,31002,수산물 가공 및 저장 처리업,6209515,5000,31047575000
105630,한세실업,KOSPI,31401,봉제의복 제조업,40000000,500,20000000000
069640,한세엠케이,KOSPI,74704,"섬유, 의복, 신발 및 가죽제품 소매업",12909322,500,6454661000
016450,한세예스24홀딩스,KOSPI,31401,봉제의복 제조업,40000000,500,20000000000
010420,한솔PNS,KOSPI,74607,기타 전문 도매업,20493012,500,10246506000
009180,한솔로지스틱스,KOSPI,85209,기타 운송관련 서비스업,27477425,500,14340941000
213500,한솔제지,KOSPI,31701,"펄프, 종이 및 판지 제조업",23800576,5000,119002880000
014680,한솔케미칼,KOSPI,32001,기초 화학물질 제조업,11335195,5000,56675975000
004710,한솔테크닉스,KOSPI,32602,전자부품 제조업,32109878,5000,160549390000
004150,한솔홀딩스,KOSPI,116409,기타 금융업,42008577,1000,42008577000
025750,한솔홈데코,KOSPI,31601,제재 및 목재 가공업,80565149,1000,83765149000
004960,한신공영,KOSPI,64101,건물 건설업,11570702,5000,57853510000
011700,한신기계,KOSPI,32901,일반 목적용 기계 제조업,32446151,500,16223075500
001750,한양증권,KOSPI,116601,금융 지원 서비스업,12728534,5000,66267670000
018880,한온시스템,KOSPI,32901,일반 목적용 기계 제조업,533800000,100,53380000000
009420,한올바이오파마,KOSPI,32102,의약품 제조업,52240638,500,26120319000
014130,한익스프레스,KOSPI,84903,도로 화물 운송업,12000000,500,6000000000
300720,한일시멘트,KOSPI,32303,"시멘트, 석회, 플라스터 및 그 제품 제조업",69261540,500,34630770000
002220,한일철강,KOSPI,32401,1차 철강 제조업,26697460,500,13348730000
006390,한일현대시멘트,KOSPI,32303,"시멘트, 석회, 플라스터 및 그 제품 제조업",17774535,5000,88872675000
003300,한일홀딩스,KOSPI,32303,"시멘트, 석회, 플라스터 및 그 제품 제조업",30832884,1000,33359554000
051600,한전KPS,KOSPI,64203,전기 및 통신 공사업,45000000,200,9000000000
052690,한전기술,KOSPI,137201,"건축기술, 엔지니어링 및 관련 기술 서비스업",38220000,200,7644000000
130660,한전산업,KOSPI,137201,"건축기술, 엔지니어링 및 관련 기술 서비스업",32600000,500,16300000000
002320,한진,KOSPI,84903,도로 화물 운송업,14947628,5000,74738140000
003480,한진중공업홀딩스,KOSPI,43502,연료용 가스 제조 및 배관공급업,29529812,5000,155149060000
180640,한진칼,KOSPI,85101,항공 여객 운송업,66761264,2500,168245075000
005110,한창,KOSPI,74605,기계장비 및 관련 물품 도매업,66790269,500,33395134500
009460,한창제지,KOSPI,31701,"펄프, 종이 및 판지 제조업",59667486,500,29833743000
372910,한컴라이프케어,KOSPI,32701,의료용 기기 제조업,27674406,200,5534881200
000880,한화,KOSPI,32004,기타 화학제품 제조업,74958735,5000,489550145000
088350,한화생명,KOSPI,116501,보험업,868530000,5000,4342650000000
000370,한화손해보험,KOSPI,116501,보험업,116738915,5000,583694575000
009830,한화솔루션,KOSPI,32001,기초 화학물질 제조업,191278497,5000,978240655000
272210,한화시스템,KOSPI,32602,전자부품 제조업,188919389,5000,944596945000
012450,한화에어로스페이스,KOSPI,33103,"항공기,우주선 및 부품 제조업",50630000,5000,265650000000
003530,한화투자증권,KOSPI,116601,금융 지원 서비스업,214547775,5000,1096738875000
195870,해성디에스,KOSPI,32602,전자부품 제조업,17000000,5000,85000000000
101530,해태제과식품,KOSPI,31007,기타 식품 제조업,29116822,500,14558411000
143210,핸즈코퍼레이션,KOSPI,33003,자동차 신품 부품 제조업,21863268,500,10931634000
000720,현대건설,KOSPI,64102,토목 건설업,111355765,5000,562052290000
267270,현대건설기계,KOSPI,32901,일반 목적용 기계 제조업,19700793,5000,98503965000
005440,현대그린푸드,KOSPI,74701,종합 소매업,97704482,500,48852241000
086280,현대글로비스,KOSPI,85209,기타 운송관련 서비스업,37500000,500,18750000000
042670,현대두산인프라코어,KOSPI,32902,특수 목적용 기계 제조업,197455862,1000,197455862000
064350,현대로템,KOSPI,33102,철도장비 제조업,109142293,5000,545711465000
079430,현대리바트,KOSPI,33201,가구 제조업,20535282,1000,20535282000
012330,현대모비스,KOSPI,33003,자동차 신품 부품 제조업,94573094,5000,490969315000
010620,현대미포조선,KOSPI,33101,선박 및 보트 건조업,39942149,5000,199710745000
069960,현대백화점,KOSPI,74701,종합 소매업,23402441,5000,117012205000
004560,현대비앤지스틸,KOSPI,32401,1차 철강 제조업,15078811,5000,75943315000
004310,현대약품,KOSPI,32102,의약품 제조업,32000000,500,16000000000
322000,현대에너지솔루션,KOSPI,32601,반도체 제조업,11200000,5000,56000000000
017800,현대엘리베이,KOSPI,32901,일반 목적용 기계 제조업,40815191,5000,212235955000
307950,현대오토에버,KOSPI,105802,소프트웨어 개발 및 공급업,27423982,500,13711991000
011210,현대위아,KOSPI,33003,자동차 신품 부품 제조업,27195083,5000,135975415000
267260,현대일렉트릭,KOSPI,32801,"전동기, 발전기 및 전기 변환 · 공급 · 제어 장치 제조업",36047135,5000,180235675000
004020,현대제철,KOSPI,32401,1차 철강 제조업,133445785,5000,667228925000
329180,현대중공업,KOSPI,33101,선박 및 보트 건조업,88773116,5000,443865580000
005380,현대차,KOSPI,33001,자동차용 엔진 및 자동차 제조업,213668187,5000,1488993125000
001500,현대차증권,KOSPI,116601,금융 지원 서비스업,31712562,5000,158562810000
011760,현대코퍼레이션,KOSPI,74608,상품 종합 도매업,13228966,5000,66144830000
227840,현대코퍼레이션홀딩스,KOSPI,74603,음·식료품 및 담배 도매업,9100836,5000,45504180000
126560,현대퓨처넷,KOSPI,106002,텔레비전 방송업,112876596,500,56438298000
001450,현대해상,KOSPI,116501,보험업,89400000,500,44700000000
057050,현대홈쇼핑,KOSPI,74709,무점포 소매업,12000000,5000,60000000000
093240,형지엘리트,KOSPI,31401,봉제의복 제조업,31154798,500,15577399000
003010,혜인,KOSPI,74605,기계장비 및 관련 물품 도매업,12712747,500,6356373500
111110,호전실업,KOSPI,31401,봉제의복 제조업,9685882,500,5500821000
008770,호텔신라,KOSPI,74708,기타 상품 전문 소매업,39248121,5000,200000000000
002460,화성산업,KOSPI,64101,건물 건설업,12450800,5000,62254000000
378850,화승알앤에이,KOSPI,33003,자동차 신품 부품 제조업,18993623,500,9496811500
241590,화승엔터프라이즈,KOSPI,31502,신발 및 신발 부분품 제조업,60580511,500,30290255500
006060,화승인더,KOSPI,32202,플라스틱제품 제조업,55320000,500,27660000000
013520,화승코퍼레이션,KOSPI,33003,자동차 신품 부품 제조업,50051252,500,25025626000
010690,화신,KOSPI,33003,자동차 신품 부품 제조업,34920410,500,17460205000
133820,화인베스틸,KOSPI,32401,1차 철강 제조업,29550000,500,16050000000
010660,화천기계,KOSPI,32902,특수 목적용 기계 제조업,22000000,500,11000000000
000850,화천기공,KOSPI,32902,특수 목적용 기계 제조업,2200000,5000,11000000000
016580,환인제약,KOSPI,32102,의약품 제조업,18600070,500,9700035000
032560,황금에스티,KOSPI,32402,1차 비철금속 제조업,17000000,500,8500000000
004800,효성,KOSPI,116409,기타 금융업,21071025,5000,105355125000
094280,효성ITX,KOSPI,147509,기타 사업지원 서비스업,11558200,500,5779100000
298040,효성중공업,KOSPI,32801,"전동기, 발전기 및 전기 변환 · 공급 · 제어 장치 제조업",9324548,5000,46622740000
298050,효성첨단소재,KOSPI,32005,화학섬유 제조업,4479948,5000,22399740000
298020,효성티앤씨,KOSPI,32005,화학섬유 제조업,4327682,5000,21638410000
298000,효성화학,KOSPI,32001,기초 화학물질 제조업,3190126,5000,15950630000
093370,후성,KOSPI,32001,기초 화학물질 제조업,92606819,500,46303409500
081660,휠라홀딩스,KOSPI,74604,생활용품 도매업,60752222,1000,61674420000
005870,휴니드,KOSPI,32604,통신 및 방송 장비 제조업,14116015,5000,70580075000
079980,휴비스,KOSPI,32005,화학섬유 제조업,34500000,5000,172500000000
005010,휴스틸,KOSPI,32401,1차 철강 제조업,7837615,5000,39188075000
000540,흥국화재,KOSPI,116501,보험업,64242645,5000,325821225000
003280,흥아해운,KOSPI,85001,해상 운송업,240424899,500,120212449500
